1	2	8	7	-3348761.602	-2.52488423126
2	2	7	0	-5363650.1668	-2.7294604441268
3	2	20	19	-13701173.827	-3.1367577762623
4	2	19	0	-13701173.827	-3.1367577762623
5	2	1	0	-20667946.5025	-3.3152973287349
6	2	2	1	-22706222.4993	-3.3561448892102
7	2	3	0	-29481900.8171	-3.4695554808073
8	2	15	0	-35502248.3325	-3.5502558574911
9	2	16	15	-46260803.1229	-3.6652131681842
10	2	4	3	-79818581.9371	-3.9021040078083
11	3	384	8	-2148818.4244	-2.3321997190686
12	3	8	7	-3348761.602	-2.52488423126
13	3	7	0	-5363650.1668	-2.7294604441268
14	3	385	7	-5748752.8093	-2.7595736348131
15	3	20	19	-13701173.827	-3.1367577762623
16	3	19	0	-13701173.827	-3.1367577762623
17	3	386	20	-14028343.8295	-3.1470064017365
18	3	389	2	-16306039.0881	-3.2123484790604
19	3	388	1	-16306217.5873	-3.2123532331759
20	3	1	0	-20667946.5025	-3.3152973287349
21	7	796	786	-1031850.3915	-2.0136167332834
22	7	787	384	-2100163.7868	-2.3222531656528
23	7	384	8	-2148818.4244	-2.3321997190686
24	7	777	384	-2148851.4996	-2.3322064037964
25	7	788	777	-2148851.858	-2.332206476231
26	7	792	8	-2963665.1028	-2.4718291263575
27	7	789	781	-3300163.9836	-2.5185355203031
28	7	781	769	-3300163.9836	-2.5185355203031
29	7	794	780	-3300199.6468	-2.5185402134782
30	7	783	759	-3348728.0748	-2.5248798831599
31	13	1216	1195	-665928.4292	-1.8234275557863
32	13	1217	1181	-1024391.2812	-2.0104658734445
33	13	1211	1202	-1031831.8963	-2.0136089487873
34	13	1210	796	-1031841.3979	-2.0136129479595
35	13	1212	1191	-1031841.4364	-2.0136129641639
36	13	796	786	-1031850.3915	-2.0136167332834
37	13	1202	1180	-1031850.4363	-2.0136167521392
38	13	1191	1180	-1031850.4363	-2.0136167521392
39	13	1180	796	-1031850.4363	-2.0136167521392
40	13	1213	1180	-1031873.0155	-2.0136262553718
41	14	1585	1211	-631826.6159	-1.8005979167496
42	14	1586	1210	-632853.4587	-1.8013031579703
43	14	1216	1195	-665928.4292	-1.8234275557863
44	14	1217	1181	-1024391.2812	-2.0104658734445
45	14	1211	1202	-1031831.8963	-2.0136089487873
46	14	1210	796	-1031841.3979	-2.0136129479595
47	14	1587	1212	-1031841.4364	-2.0136129641639
48	14	1212	1191	-1031841.4364	-2.0136129641639
49	14	1589	1202	-1031850.0521	-2.0136165904336
50	14	1588	796	-1031850.3915	-2.0136167332834
51	15	1956	1585	-631826.4335	-1.8005977913745
52	15	1585	1211	-631826.6159	-1.8005979167496
53	15	1957	1586	-632853.4587	-1.8013031579703
54	15	1586	1210	-632853.4587	-1.8013031579703
55	15	1216	1195	-665928.4292	-1.8234275557863
56	15	1217	1181	-1024391.2812	-2.0104658734445
57	15	1960	1211	-1031831.1885	-2.0136086508766
58	15	1211	1202	-1031831.8963	-2.0136089487873
59	15	1210	796	-1031841.3979	-2.0136129479595
60	15	1962	1587	-1031841.4364	-2.0136129641639
61	16	2329	1956	-631825.7174	-1.8005972991532
62	16	1956	1585	-631826.4335	-1.8005977913745
63	16	1585	1211	-631826.6159	-1.8005979167496
64	16	1957	1586	-632853.4587	-1.8013031579703
65	16	1586	1210	-632853.4587	-1.8013031579703
66	16	1216	1195	-665928.4292	-1.8234275557863
67	16	2332	1586	-963652.8059	-1.9839205902913
68	16	1217	1181	-1024391.2812	-2.0104658734445
69	16	1960	1211	-1031831.1885	-2.0136086508766
70	16	2336	1211	-1031831.8963	-2.0136089487873
71	19	2729	2717	-432853.6315	-1.6363410654569
72	19	2329	1956	-631825.7174	-1.8005972991532
73	19	2715	1585	-631825.8998	-1.8005974245284
74	19	2714	1956	-631826.4335	-1.8005977913745
75	19	2703	1956	-631826.4335	-1.8005977913745
76	19	1956	1585	-631826.4335	-1.8005977913745
77	19	1585	1211	-631826.6159	-1.8005979167496
78	19	2726	1956	-631826.6319	-1.8005979277474
79	19	2723	2715	-632825.2854	-1.8012838236665
80	19	2725	2703	-632825.8191	-1.8012841899332
81	22	3115	3095	-263200.2187	-1.4202862458088
82	22	3095	2729	-432853.6315	-1.6363410654569
83	22	2729	2717	-432853.6315	-1.6363410654569
84	22	2329	1956	-631825.7174	-1.8005972991532
85	22	2715	1585	-631825.8998	-1.8005974245284
86	22	3097	2715	-631826.303	-1.8005977016736
87	22	3122	1956	-631826.4335	-1.8005977913745
88	22	2714	1956	-631826.4335	-1.8005977913745
89	22	2703	1956	-631826.4335	-1.8005977913745
90	22	1956	1585	-631826.4335	-1.8005977913745
91	24	3498	3115	-262187.9687	-1.4186127588755
92	24	3115	3095	-263200.2187	-1.4202862458088
93	24	3506	3122	-400024.9359	-1.6020870642935
94	24	3499	3095	-432852.8211	-1.6363402523585
95	24	3095	2729	-432853.6315	-1.6363410654569
96	24	2729	2717	-432853.6315	-1.6363410654569
97	24	3500	2729	-563205.6507	-1.7506670034769
98	24	3501	2329	-631825.7174	-1.8005972991532
99	24	2329	1956	-631825.7174	-1.8005972991532
100	24	3502	3493	-631825.8342	-1.8005973794373
101	25	3871	3498	-200027.0727	-1.3010887793066
102	25	3498	3115	-262187.9687	-1.4186127588755
103	25	3115	3095	-263200.2187	-1.4202862458088
104	25	3506	3122	-400024.9359	-1.6020870642935
105	25	3499	3095	-432852.8211	-1.6363402523585
106	25	3095	2729	-432853.6315	-1.6363410654569
107	25	2729	2717	-432853.6315	-1.6363410654569
108	25	3873	3506	-562185.5247	-1.7498796590874
109	25	3500	2729	-563205.6507	-1.7506670034769
110	25	3879	2329	-631825.7174	-1.8005972991532
111	27	4257	3115	-132108.5586	-1.1209309541198
112	27	4244	3871	-200027.0727	-1.3010887793066
113	27	3871	3498	-200027.0727	-1.3010887793066
114	27	4254	4244	-201025.8815	-1.3032519751769
115	27	3498	3115	-262187.9687	-1.4186127588755
116	27	3115	3095	-263200.2187	-1.4202862458088
117	27	4256	3498	-362187.6039	-1.5589335822289
118	27	4255	3871	-362187.6615	-1.5589336512963
119	27	4258	3506	-400022.1135	-1.6020840000919
120	27	3506	3122	-400024.9359	-1.6020870642935
121	29	4637	4257	-132096.749	-1.1208921294333
122	29	4257	3115	-132108.5586	-1.1209309541198
123	29	4627	4257	-132108.5594	-1.1209309567497
124	29	4638	4627	-132111.4202	-1.1209403612592
125	29	4244	3871	-200027.0727	-1.3010887793066
126	29	3871	3498	-200027.0727	-1.3010887793066
127	29	4254	4244	-201025.8815	-1.3032519751769
128	29	4631	3498	-262187.5144	-1.4186120063613
129	29	3498	3115	-262187.9687	-1.4186127588755
130	29	4644	3115	-263197.1915	-1.4202812507377
131	31	5020	4637	-132094.2594	-1.1208839442983
132	31	4637	4257	-132096.749	-1.1208921294333
133	31	5024	5013	-132102.6274	-1.120911455419
134	31	5022	4627	-132108.5586	-1.1209309541198
135	31	4257	3115	-132108.5586	-1.1209309541198
136	31	4627	4257	-132108.5594	-1.1209309567497
137	31	5023	4638	-132108.5664	-1.1209309797616
138	31	4638	4627	-132111.4202	-1.1209403612592
139	31	5013	4638	-132111.6218	-1.1209410239855
140	31	5025	5015	-200024.3527	-1.3010828736609
141	32	5394	4637	-65554.2018	-0.81660053370834
142	32	5020	4637	-132094.2594	-1.1208839442983
143	32	4637	4257	-132096.749	-1.1208921294333
144	32	5024	5013	-132102.6274	-1.120911455419
145	32	5022	4627	-132108.5586	-1.1209309541198
146	32	4257	3115	-132108.5586	-1.1209309541198
147	32	4627	4257	-132108.5594	-1.1209309567497
148	32	5023	4638	-132108.5664	-1.1209309797616
149	32	4638	4627	-132111.4202	-1.1209403612592
150	32	5013	4638	-132111.6218	-1.1209410239855
151	38	5823	5811	-65547.4875	-0.81655604940828
152	38	5394	4637	-65554.2018	-0.81660053370834
153	38	5808	5784	-100026.7662	-1.0001162285753
154	38	5797	5784	-100026.7662	-1.0001162285753
155	38	5784	4257	-100026.7662	-1.0001162285753
156	38	5817	5808	-100026.8178	-1.0001164526113
157	38	5818	5797	-100026.9646	-1.0001170899842
158	38	5819	5784	-100029.4286	-1.0001277879837
159	38	5020	4637	-132094.2594	-1.1208839442983
160	38	5778	5766	-132095.373	-1.1208876055346
161	42	6219	5823	-16390.6103	-0.21459512471069
162	42	5823	5811	-65547.4875	-0.81655604940828
163	42	6210	6201	-65553.6898	-0.81659714171153
164	42	6201	5394	-65553.6898	-0.81659714171153
165	42	6222	6211	-65554.2018	-0.81660053370834
166	42	6223	6190	-65554.2018	-0.81660053370834
167	42	6211	6190	-65554.2018	-0.81660053370834
168	42	6190	5394	-65554.2018	-0.81660053370834
169	42	5394	4637	-65554.2018	-0.81660053370834
170	42	6224	5394	-65554.4002	-0.81660184809998
171	49	6659	6637	-16390.5979	-0.21459479615345
172	49	6622	6219	-16390.6103	-0.21459512471069
173	49	6219	5823	-16390.6103	-0.21459512471069
174	49	6653	6219	-17391.3271	-0.24033272347575
175	49	6652	6622	-32777.1191	-0.51557077919312
176	49	6654	6623	-33776.3091	-0.52861219037767
177	49	6623	6603	-33777.3587	-0.52862568588437
178	49	6634	6623	-33778.1563	-0.5286359409547
179	49	6644	6623	-33778.2139	-0.52863668153215
180	49	6646	6635	-65547.1298	-0.81655367940806
181	51	7037	6219	-16390.4367	-0.21459052488677
182	51	6659	6637	-16390.5979	-0.21459479615345
183	51	6622	6219	-16390.6103	-0.21459512471069
184	51	6219	5823	-16390.6103	-0.21459512471069
185	51	6653	6219	-17391.3271	-0.24033272347575
186	51	7025	6659	-27654.5039	-0.44176587197441
187	51	7040	6652	-32777.1191	-0.51557077919312
188	51	6652	6622	-32777.1191	-0.51557077919312
189	51	6654	6623	-33776.3091	-0.52861219037767
190	51	7042	6623	-33777.3587	-0.52862568588437
191	56	7453	7409	-13829.3747	-0.14080254377678
192	56	7408	7037	-16390.4367	-0.21459052488677
193	56	7037	6219	-16390.4367	-0.21459052488677
194	56	7431	7424	-16390.5551	-0.21459366209915
195	56	7421	6659	-16390.5587	-0.21459375748701
196	56	7424	6219	-16390.5935	-0.21459467956857
197	56	7409	6659	-16390.5979	-0.21459479615345
198	56	6659	6637	-16390.5979	-0.21459479615345
199	56	7446	6622	-16390.6103	-0.21459512471069
200	56	7410	6622	-16390.6103	-0.21459512471069
201	60	7851	7453	-10004.4659	-0.00019390827714627
202	60	7453	7409	-13829.3747	-0.14080254377678
203	60	7844	7037	-16389.5815	-0.2145678642135
204	60	7853	7846	-16389.8767	-0.21457568641302
205	60	7846	7431	-16389.9535	-0.21457772143371
206	60	7854	7822	-16390.4367	-0.21459052488677
207	60	7855	7408	-16390.4367	-0.21459052488677
208	60	7822	7408	-16390.4367	-0.21459052488677
209	60	7408	7037	-16390.4367	-0.21459052488677
210	60	7037	6219	-16390.4367	-0.21459052488677
211	68	8294	8254	-10004.1082	-0.00017838022048267
212	68	8295	8224	-10004.4659	-0.00019390827714627
213	68	8254	8224	-10004.4659	-0.00019390827714627
214	68	8224	7851	-10004.4659	-0.00019390827714627
215	68	7851	7453	-10004.4659	-0.00019390827714627
216	68	8289	8260	-13828.5575	-0.14077687985888
217	68	8287	8263	-13828.7471	-0.14078283432443
218	68	8263	8252	-13828.7471	-0.14078283432443
219	68	8258	8238	-13829.0255	-0.14079157744236
220	68	8260	7844	-13829.2527	-0.14079871250012
221	73	8716	8695	-8195.4695	0.086426161627513
222	73	8708	8670	-10004.1082	-0.00017838022048267
223	73	8677	8670	-10004.1082	-0.00017838022048267
224	73	8670	8224	-10004.1082	-0.00017838022048267
225	73	8294	8254	-10004.1082	-0.00017838022048267
226	73	8668	8295	-10004.4218	-0.00019199388920654
227	73	8700	8668	-10004.4474	-0.00019310519026305
228	73	8295	8224	-10004.4659	-0.00019390827714627
229	73	8254	8224	-10004.4659	-0.00019390827714627
230	73	8224	7851	-10004.4659	-0.00019390827714627
231	74	9080	8716	-8195.1201	0.086444677433924
232	74	8716	8695	-8195.4695	0.086426161627513
233	74	9081	8708	-10004.1082	-0.00017838022048267
234	74	9085	8668	-10004.1082	-0.00017838022048267
235	74	8708	8670	-10004.1082	-0.00017838022048267
236	74	8677	8670	-10004.1082	-0.00017838022048267
237	74	8670	8224	-10004.1082	-0.00017838022048267
238	74	8294	8254	-10004.1082	-0.00017838022048267
239	74	8668	8295	-10004.4218	-0.00019199388920654
240	74	8700	8668	-10004.4474	-0.00019310519026305
241	84	9544	9541	-8194.8449	0.086459261704413
242	84	9080	8716	-8195.1201	0.086444677433924
243	84	9551	9527	-8195.2545	0.086437555061215
244	84	9541	9463	-8195.4593	0.086426702146451
245	84	9534	9525	-8195.4695	0.086426161627513
246	84	9525	9474	-8195.4695	0.086426161627513
247	84	9515	8716	-8195.4695	0.086426161627513
248	84	9474	8716	-8195.4695	0.086426161627513
249	84	8716	8695	-8195.4695	0.086426161627513
250	84	9538	9527	-8195.5105	0.086423988960136
251	92	9989	9980	-8003.1741	0.096737735418064
252	92	9986	9544	-8194.8449	0.086459261704413
253	92	9544	9541	-8194.8449	0.086459261704413
254	92	9966	9544	-8194.9473	0.086453834941901
255	92	9949	9551	-8195.0625	0.086447729915128
256	92	9993	9080	-8195.1201	0.086444677433924
257	92	9980	9959	-8195.1201	0.086444677433924
258	92	9968	9959	-8195.1201	0.086444677433924
259	92	9959	9080	-8195.1201	0.086444677433924
260	92	9937	9080	-8195.1201	0.086444677433924
261	95	10379	10369	-8003.1101	0.096741208409859
262	95	10369	9989	-8003.1741	0.096737735418064
263	95	9989	9980	-8003.1741	0.096737735418064
264	95	10382	9544	-8194.8449	0.086459261704413
265	95	9986	9544	-8194.8449	0.086459261704413
266	95	9544	9541	-8194.8449	0.086459261704413
267	95	10383	10373	-8194.9089	0.086455869969896
268	95	10373	9949	-8194.9089	0.086455869969896
269	95	10384	9966	-8194.9473	0.086453834941901
270	95	9966	9544	-8194.9473	0.086453834941901
271	101	10806	10772	-8002.8477	0.09675544796659
272	101	10379	10369	-8003.1101	0.096741208409859
273	101	10794	9989	-8003.1741	0.096737735418064
274	101	10369	9989	-8003.1741	0.096737735418064
275	101	9989	9980	-8003.1741	0.096737735418064
276	101	10772	10379	-8003.1805	0.096737388120412
277	101	10763	10369	-8003.2445	0.096733915159168
278	101	10808	10796	-8003.3213	0.096729747642335
279	101	10796	10763	-8003.3213	0.096729747642335
280	101	10797	10761	-8194.5761	0.086473507278646
281	102	11177	10794	-4098.5933	0.38736517422529
282	102	11175	10806	-8002.8477	0.09675544796659
283	102	10806	10772	-8002.8477	0.09675544796659
284	102	10379	10369	-8003.1101	0.096741208409859
285	102	11179	9989	-8003.1741	0.096737735418064
286	102	10794	9989	-8003.1741	0.096737735418064
287	102	10369	9989	-8003.1741	0.096737735418064
288	102	9989	9980	-8003.1741	0.096737735418064
289	102	10772	10379	-8003.1805	0.096737388120412
290	102	10763	10369	-8003.2445	0.096733915159168
291	108	11598	11596	-4098.3245	0.38739365770155
292	108	11596	11564	-4098.5933	0.38736517422529
293	108	11177	10794	-4098.5933	0.38736517422529
294	108	11593	10379	-4098.7085	0.38735296759302
295	108	11601	11588	-4098.8301	0.38734008318672
296	108	11588	11177	-4098.8301	0.38734008318672
297	108	11560	10806	-8002.7709	0.096759615730054
298	108	11559	11175	-8002.8477	0.09675544796659
299	108	11175	10806	-8002.8477	0.09675544796659
300	108	10806	10772	-8002.8477	0.09675544796659
301	109	11973	11177	-4098.21	0.38740579129732
302	109	11598	11596	-4098.3245	0.38739365770155
303	109	11596	11564	-4098.5933	0.38736517422529
304	109	11177	10794	-4098.5933	0.38736517422529
305	109	11974	11593	-4098.7085	0.38735296759302
306	109	11593	10379	-4098.7085	0.38735296759302
307	109	11601	11588	-4098.8301	0.38734008318672
308	109	11588	11177	-4098.8301	0.38734008318672
309	109	11977	11560	-8002.6941	0.096763783533515
310	109	11560	10806	-8002.7709	0.096759615730054
311	118	12426	12405	-4098.1709	0.38740993481248
312	118	12424	11973	-4098.21	0.38740579129732
313	118	11973	11177	-4098.21	0.38740579129732
314	118	12427	12395	-4098.3245	0.38739365770155
315	118	12428	11598	-4098.3245	0.38739365770155
316	118	12417	11598	-4098.3245	0.38739365770155
317	118	12405	12395	-4098.3245	0.38739365770155
318	118	12395	11598	-4098.3245	0.38739365770155
319	118	11598	11596	-4098.3245	0.38739365770155
320	118	12394	11973	-4098.5876	0.38736577820819
321	122	12827	12818	-4098.1268	0.38741460823635
322	122	12829	12426	-4098.1709	0.38740993481248
323	122	12818	12426	-4098.1709	0.38740993481248
324	122	12807	12426	-4098.1709	0.38740993481248
325	122	12426	12405	-4098.1709	0.38740993481248
326	122	12833	11973	-4098.21	0.38740579129732
327	122	12819	12424	-4098.21	0.38740579129732
328	122	12820	11973	-4098.21	0.38740579129732
329	122	12424	11973	-4098.21	0.38740579129732
330	122	11973	11177	-4098.21	0.38740579129732
331	127	13247	13216	-4097.8572	0.38744317973975
332	127	13240	12827	-4098.1268	0.38741460823635
333	127	12827	12818	-4098.1268	0.38741460823635
334	127	13249	13209	-4098.1588	0.38741121708477
335	127	13242	13201	-4098.1709	0.38740993481248
336	127	13221	13201	-4098.1709	0.38740993481248
337	127	13201	12829	-4098.1709	0.38740993481248
338	127	12829	12426	-4098.1709	0.38740993481248
339	127	12818	12426	-4098.1709	0.38740993481248
340	127	12807	12426	-4098.1709	0.38740993481248
341	131	13643	13247	-4097.8444	0.38744453629704
342	131	13247	13216	-4097.8572	0.38744317973975
343	131	13646	12827	-4098.1268	0.38741460823635
344	131	13624	13240	-4098.1268	0.38741460823635
345	131	13240	12827	-4098.1268	0.38741460823635
346	131	12827	12818	-4098.1268	0.38741460823635
347	131	13647	13249	-4098.1588	0.38741121708477
348	131	13249	13209	-4098.1588	0.38741121708477
349	131	13649	13641	-4098.1709	0.38740993481248
350	131	13651	13221	-4098.1709	0.38740993481248
351	136	14059	14037	-4097.758	0.38745369316956
352	136	13643	13247	-4097.8444	0.38744453629704
353	136	14058	13247	-4097.8572	0.38744317973975
354	136	14047	13247	-4097.8572	0.38744317973975
355	136	13247	13216	-4097.8572	0.38744317973975
356	136	14037	13247	-4097.9372	0.3874347013527
357	136	13646	12827	-4098.1268	0.38741460823635
358	136	13624	13240	-4098.1268	0.38741460823635
359	136	13240	12827	-4098.1268	0.38741460823635
360	136	12827	12818	-4098.1268	0.38741460823635
361	143	14493	14460	-2305.566	0.63722244098934
362	143	14491	14469	-4097.758	0.38745369316956
363	143	14479	14469	-4097.758	0.38745369316956
364	143	14481	14460	-4097.758	0.38745369316956
365	143	14469	14460	-4097.758	0.38745369316956
366	143	14471	14059	-4097.758	0.38745369316956
367	143	14460	14059	-4097.758	0.38745369316956
368	143	14429	14059	-4097.758	0.38745369316956
369	143	14059	14037	-4097.758	0.38745369316956
370	143	14487	14455	-4097.774	0.38745199743786
371	146	14882	14872	-2305.5628	0.63722304376684
372	146	14872	14493	-2305.566	0.63722244098934
373	146	14493	14460	-2305.566	0.63722244098934
374	146	14874	14491	-4097.758	0.38745369316956
375	146	14881	14059	-4097.758	0.38745369316956
376	146	14869	14429	-4097.758	0.38745369316956
377	146	14491	14469	-4097.758	0.38745369316956
378	146	14479	14469	-4097.758	0.38745369316956
379	146	14481	14460	-4097.758	0.38745369316956
380	146	14469	14460	-4097.758	0.38745369316956
381	177	15564	15459	-2305.552	0.63722507814708
382	177	15558	15515	-2305.5628	0.63722304376684
383	177	15562	15476	-2305.5628	0.63722304376684
384	177	15538	15508	-2305.5628	0.63722304376684
385	177	15527	15487	-2305.5628	0.63722304376684
386	177	15529	15476	-2305.5628	0.63722304376684
387	177	15515	15508	-2305.5628	0.63722304376684
388	177	15508	15482	-2305.5628	0.63722304376684
389	177	15487	15459	-2305.5628	0.63722304376684
390	177	15489	15425	-2305.5628	0.63722304376684
391	179	15940	15558	-2049.4988	0.68835233163073
392	179	15564	15459	-2305.552	0.63722507814708
393	179	15943	15527	-2305.5628	0.63722304376684
394	179	15932	15527	-2305.5628	0.63722304376684
395	179	15558	15515	-2305.5628	0.63722304376684
396	179	15562	15476	-2305.5628	0.63722304376684
397	179	15538	15508	-2305.5628	0.63722304376684
398	179	15527	15487	-2305.5628	0.63722304376684
399	179	15529	15476	-2305.5628	0.63722304376684
400	179	15515	15508	-2305.5628	0.63722304376684
401	188	16392	16372	-2049.422	0.68836860606873
402	188	16382	16311	-2049.4988	0.68835233163073
403	188	16372	15940	-2049.4988	0.68835233163073
404	188	16311	15940	-2049.4988	0.68835233163073
405	188	15940	15558	-2049.4988	0.68835233163073
406	188	16357	16336	-2305.5052	0.63723389390488
407	188	16388	16355	-2305.524	0.63723035251058
408	188	16364	16343	-2305.5396	0.63722741392873
409	188	16343	15564	-2305.5396	0.63722741392873
410	188	16389	16350	-2305.5436	0.6372266604494
411	193	16805	16774	-2049.3452	0.68838488111661
412	193	16786	16392	-2049.422	0.68836860606873
413	193	16774	16766	-2049.422	0.68836860606873
414	193	16766	16372	-2049.422	0.68836860606873
415	193	16392	16372	-2049.422	0.68836860606873
416	193	16382	16311	-2049.4988	0.68835233163073
417	193	16372	15940	-2049.4988	0.68835233163073
418	193	16311	15940	-2049.4988	0.68835233163073
419	193	15940	15558	-2049.4988	0.68835233163073
420	193	16808	16382	-2049.518	0.68834826311652
421	316	18397	18387	-2049.3	0.68839445994553
422	316	18401	18358	-2049.3452	0.68838488111661
423	316	18405	18331	-2049.3452	0.68838488111661
424	316	18387	18379	-2049.3452	0.68838488111661
425	316	18388	18382	-2049.3452	0.68838488111661
426	316	18379	18345	-2049.3452	0.68838488111661
427	316	18382	18333	-2049.3452	0.68838488111661
428	316	18358	18345	-2049.3452	0.68838488111661
429	316	18355	18297	-2049.3452	0.68838488111661
430	316	18345	18302	-2049.3452	0.68838488111661
431	334	18944	18894	-2049.2	0.6884156527957
432	334	18941	18938	-2049.3	0.68839445994553
433	334	18942	18916	-2049.3	0.68839445994553
434	334	18932	18894	-2049.3	0.68839445994553
435	334	18938	18830	-2049.3	0.68839445994553
436	334	18916	18840	-2049.3	0.68839445994553
437	334	18904	18860	-2049.3	0.68839445994553
438	334	18894	18830	-2049.3	0.68839445994553
439	334	18895	18810	-2049.3	0.68839445994553
440	334	18882	18840	-2049.3	0.68839445994553
441	355	19522	19349	-2049.168	0.68842243472617
442	355	19518	19445	-2049.2	0.6884156527957
443	355	19499	19395	-2049.2	0.6884156527957
444	355	19491	18944	-2049.2	0.6884156527957
445	355	19474	19445	-2049.2	0.6884156527957
446	355	19478	19349	-2049.2	0.6884156527957
447	355	19463	19445	-2049.2	0.6884156527957
448	355	19445	19364	-2049.2	0.6884156527957
449	355	19433	19395	-2049.2	0.6884156527957
450	355	19395	18944	-2049.2	0.6884156527957
451	366	19993	19963	-2049.0592	0.688445494082
452	366	19988	19935	-2049.168	0.68842243472617
453	366	19978	19886	-2049.168	0.68842243472617
454	366	19968	19522	-2049.168	0.68842243472617
455	366	19935	19499	-2049.168	0.68842243472617
456	366	19886	19522	-2049.168	0.68842243472617
457	366	19522	19349	-2049.168	0.68842243472617
458	366	19981	19944	-2049.2	0.6884156527957
459	366	19983	19919	-2049.2	0.6884156527957
460	366	19963	19924	-2049.2	0.6884156527957
461	390	20598	20459	-1153.0468	0.93815306515173
462	390	20597	20513	-2049.0592	0.688445494082
463	390	20583	20540	-2049.0592	0.688445494082
464	390	20585	20513	-2049.0592	0.688445494082
465	390	20572	20532	-2049.0592	0.688445494082
466	390	20577	20398	-2049.0592	0.688445494082
467	390	20563	20459	-2049.0592	0.688445494082
468	390	20551	20513	-2049.0592	0.688445494082
469	390	20540	20513	-2049.0592	0.688445494082
470	390	20532	20429	-2049.0592	0.688445494082
471	499	22050	21965	-1153.0084	0.93816752873274
472	499	22047	21985	-1153.0468	0.93815306515173
473	499	22034	22004	-1153.0468	0.93815306515173
474	499	22026	21981	-1153.0468	0.93815306515173
475	499	22021	21897	-1153.0468	0.93815306515173
476	499	22004	21964	-1153.0468	0.93815306515173
477	499	22010	21898	-1153.0468	0.93815306515173
478	499	21985	21943	-1153.0468	0.93815306515173
479	499	21981	21871	-1153.0468	0.93815306515173
480	499	21964	21908	-1153.0468	0.93815306515173
481	513	22549	22050	-1153.008	0.93816767939758
482	513	22548	22475	-1153.0084	0.93816752873274
483	513	22536	22496	-1153.0084	0.93816752873274
484	513	22527	22050	-1153.0084	0.93816752873274
485	513	22496	22050	-1153.0084	0.93816752873274
486	513	22475	22050	-1153.0084	0.93816752873274
487	513	22050	21965	-1153.0084	0.93816752873274
488	513	22520	22492	-1153.0468	0.93815306515173
489	513	22510	22456	-1153.0468	0.93815306515173
490	513	22503	22433	-1153.0468	0.93815306515173
491	515	22933	22496	-1152.97	0.93818199279547
492	515	22918	22549	-1153.008	0.93816767939758
493	515	22549	22050	-1153.008	0.93816767939758
494	515	22934	22475	-1153.0084	0.93816752873274
495	515	22548	22475	-1153.0084	0.93816752873274
496	515	22536	22496	-1153.0084	0.93816752873274
497	515	22527	22050	-1153.0084	0.93816752873274
498	515	22496	22050	-1153.0084	0.93816752873274
499	515	22475	22050	-1153.0084	0.93816752873274
500	515	22050	21965	-1153.0084	0.93816752873274
501	544	23590	23508	-1152.9444	0.93819163577158
502	544	23576	23535	-1152.97	0.93818199279547
503	544	23553	23535	-1152.97	0.93818199279547
504	544	23555	23526	-1152.97	0.93818199279547
505	544	23560	23464	-1152.97	0.93818199279547
506	544	23544	23508	-1152.97	0.93818199279547
507	544	23548	23464	-1152.97	0.93818199279547
508	544	23535	23474	-1152.97	0.93818199279547
509	544	23538	23423	-1152.97	0.93818199279547
510	544	23526	23453	-1152.97	0.93818199279547
511	573	24242	24134	-1152.9252	0.93819886814417
512	573	24243	23590	-1152.9316	0.93819645733993
513	573	24227	24196	-1152.9444	0.93819163577158
514	573	24204	24196	-1152.9444	0.93819163577158
515	573	24205	24175	-1152.9444	0.93819163577158
516	573	24208	24134	-1152.9444	0.93819163577158
517	573	24196	24145	-1152.9444	0.93819163577158
518	573	24175	24145	-1152.9444	0.93819163577158
519	573	24165	24134	-1152.9444	0.93819163577158
520	573	24145	23590	-1152.9444	0.93819163577158
521	583	24700	24639	-1152.9184	0.93820142963835
522	583	24242	24134	-1152.9252	0.93819886814417
523	583	24674	24620	-1152.9312	0.9381966080148
524	583	24704	24243	-1152.9316	0.93819645733993
525	583	24672	24243	-1152.9316	0.93819645733993
526	583	24639	24617	-1152.9316	0.93819645733993
527	583	24628	24617	-1152.9316	0.93819645733993
528	583	24617	24242	-1152.9316	0.93819645733993
529	583	24608	24243	-1152.9316	0.93819645733993
530	583	24243	23590	-1152.9316	0.93819645733993
531	589	25123	25116	-1152.9124	0.93820368979282
532	589	25120	24700	-1152.9184	0.93820142963835
533	589	24700	24639	-1152.9184	0.93820142963835
534	589	24242	24134	-1152.9252	0.93819886814417
535	589	24674	24620	-1152.9312	0.9381966080148
536	589	25125	25103	-1152.9316	0.93819645733993
537	589	25116	24704	-1152.9316	0.93819645733993
538	589	25119	24628	-1152.9316	0.93819645733993
539	589	25103	25096	-1152.9316	0.93819645733993
540	589	25096	24639	-1152.9316	0.93819645733993
541	601	25607	25575	-1152.912	0.9382038404702
542	601	25533	25123	-1152.9124	0.93820368979282
543	601	25123	25116	-1152.9124	0.93820368979282
544	601	25612	24700	-1152.9184	0.93820142963835
545	601	25586	25578	-1152.9184	0.93820142963835
546	601	25589	25120	-1152.9184	0.93820142963835
547	601	25575	25535	-1152.9184	0.93820142963835
548	601	25578	24700	-1152.9184	0.93820142963835
549	601	25535	25120	-1152.9184	0.93820142963835
550	601	25525	24700	-1152.9184	0.93820142963835
551	611	26070	26064	-1024.9508	0.98929698124368
552	611	25607	25575	-1152.912	0.9382038404702
553	611	26007	25533	-1152.9124	0.93820368979282
554	611	25533	25123	-1152.9124	0.93820368979282
555	611	25123	25116	-1152.9124	0.93820368979282
556	611	26064	26015	-1152.9184	0.93820142963835
557	611	26065	25989	-1152.9184	0.93820142963835
558	611	26044	25989	-1152.9184	0.93820142963835
559	611	26030	26025	-1152.9184	0.93820142963835
560	611	26035	25586	-1152.9184	0.93820142963835
561	632	26642	26603	-1024.9444	0.98929969307469
562	632	26625	26488	-1024.9508	0.98929698124368
563	632	26612	26539	-1024.9508	0.98929698124368
564	632	26601	26479	-1024.9508	0.98929698124368
565	632	26603	26070	-1024.9508	0.98929698124368
566	632	26590	26479	-1024.9508	0.98929698124368
567	632	26539	26479	-1024.9508	0.98929698124368
568	632	26479	26070	-1024.9508	0.98929698124368
569	632	26488	26065	-1024.9508	0.98929698124368
570	632	26070	26064	-1024.9508	0.98929698124368
571	1215	32840	32794	-1024.938	0.98930240492263
572	1215	32838	32811	-1024.9444	0.98929969307469
573	1215	32826	32793	-1024.9444	0.98929969307469
574	1215	32828	32787	-1024.9444	0.98929969307469
575	1215	32830	32778	-1024.9444	0.98929969307469
576	1215	32818	32788	-1024.9444	0.98929969307469
577	1215	32807	32761	-1024.9444	0.98929969307469
578	1215	32810	32735	-1024.9444	0.98929969307469
579	1215	32811	32724	-1024.9444	0.98929969307469
580	1215	32793	32788	-1024.9444	0.98929969307469
581	1586	36905	36899	-1024.89	0.98932274432197
582	1586	36911	36829	-1024.938	0.98930240492263
583	1586	36899	36844	-1024.938	0.98930240492263
584	1586	36890	36832	-1024.938	0.98930240492263
585	1586	36883	36803	-1024.938	0.98930240492263
586	1586	36851	36803	-1024.938	0.98930240492263
587	1586	36854	36763	-1024.938	0.98930240492263
588	1586	36844	36749	-1024.938	0.98930240492263
589	1586	36829	36770	-1024.938	0.98930240492263
590	1586	36832	36728	-1024.938	0.98930240492263
591	1589	37299	36905	-1024.8096	0.98935681495004
592	1589	37288	36905	-1024.89	0.98932274432197
593	1589	36905	36899	-1024.89	0.98932274432197
594	1589	37304	36911	-1024.938	0.98930240492263
595	1589	37290	37286	-1024.938	0.98930240492263
596	1589	37296	36854	-1024.938	0.98930240492263
597	1589	37285	36844	-1024.938	0.98930240492263
598	1589	37286	36829	-1024.938	0.98930240492263
599	1589	36911	36829	-1024.938	0.98930240492263
600	1589	36899	36844	-1024.938	0.98930240492263
601	1608	37854	37701	-1024.8064	0.98935817105025
602	1608	37792	37762	-1024.8096	0.98935681495004
603	1608	37782	37701	-1024.8096	0.98935681495004
604	1608	37762	37299	-1024.8096	0.98935681495004
605	1608	37701	37299	-1024.8096	0.98935681495004
606	1608	37299	36905	-1024.8096	0.98935681495004
607	1608	37836	37741	-1024.816	0.98935410276233
608	1608	37741	37701	-1024.816	0.98935410276233
609	1608	37817	37795	-1024.8292	0.98934850892866
610	1608	37795	37741	-1024.8292	0.98934850892866
611	1612	38260	37299	-1024.8032	0.98935952715469
612	1612	37854	37701	-1024.8064	0.98935817105025
613	1612	38256	37792	-1024.8096	0.98935681495004
614	1612	38257	37782	-1024.8096	0.98935681495004
615	1612	38245	37792	-1024.8096	0.98935681495004
616	1612	37792	37762	-1024.8096	0.98935681495004
617	1612	37782	37701	-1024.8096	0.98935681495004
618	1612	37762	37299	-1024.8096	0.98935681495004
619	1612	37701	37299	-1024.8096	0.98935681495004
620	1612	37299	36905	-1024.8096	0.98935681495004
621	1621	38713	38627	-1024.7904	0.98936495161481
622	1621	38697	38691	-1024.8032	0.98935952715469
623	1621	38691	38627	-1024.8032	0.98935952715469
624	1621	38679	38638	-1024.8032	0.98935952715469
625	1621	38669	38627	-1024.8032	0.98935952715469
626	1621	38649	38260	-1024.8032	0.98935952715469
627	1621	38638	38260	-1024.8032	0.98935952715469
628	1621	38627	38260	-1024.8032	0.98935952715469
629	1621	38260	37299	-1024.8032	0.98935952715469
630	1621	38716	38682	-1024.8064	0.98935817105025
631	1635	39214	39130	-1024.7712	0.98937308843202
632	1635	39212	39170	-1024.7904	0.98936495161481
633	1635	39202	39171	-1024.7904	0.98936495161481
634	1635	39183	38713	-1024.7904	0.98936495161481
635	1635	39170	39130	-1024.7904	0.98936495161481
636	1635	39171	38713	-1024.7904	0.98936495161481
637	1635	39130	38713	-1024.7904	0.98936495161481
638	1635	38713	38627	-1024.7904	0.98936495161481
639	1635	39209	39143	-1024.8032	0.98935952715469
640	1635	39188	39134	-1024.8032	0.98935952715469
641	1702	40247	40168	-1000.7844	0.99965947294565
642	1702	40244	40222	-1024.7712	0.98937308843202
643	1702	40234	40199	-1024.7712	0.98937308843202
644	1702	40222	40124	-1024.7712	0.98937308843202
645	1702	40199	40137	-1024.7712	0.98937308843202
646	1702	40180	40124	-1024.7712	0.98937308843202
647	1702	40168	40124	-1024.7712	0.98937308843202
648	1702	40170	40100	-1024.7712	0.98937308843202
649	1702	40158	40126	-1024.7712	0.98937308843202
650	1702	40147	40100	-1024.7712	0.98937308843202
651	6785	91444	91362	-1000.778	0.9996622502607
652	6785	91421	91367	-1000.7844	0.99965947294565
653	6785	91401	91361	-1000.7844	0.99965947294565
654	6785	91386	91367	-1000.7844	0.99965947294565
655	6785	91387	91361	-1000.7844	0.99965947294565
656	6785	91388	91362	-1000.7844	0.99965947294565
657	6785	91392	91327	-1000.7844	0.99965947294565
658	6785	91367	91362	-1000.7844	0.99965947294565
659	6785	91361	91324	-1000.7844	0.99965947294565
660	6785	91362	91313	-1000.7844	0.99965947294565
661	6810	92049	91444	-1000.7652	0.99966780494407
662	6810	91444	91362	-1000.778	0.9996622502607
663	6810	92054	91960	-1000.7844	0.99965947294565
664	6810	92038	91945	-1000.7844	0.99965947294565
665	6810	91993	91964	-1000.7844	0.99965947294565
666	6810	91972	91965	-1000.7844	0.99965947294565
667	6810	91975	91945	-1000.7844	0.99965947294565
668	6810	91960	91956	-1000.7844	0.99965947294565
669	6810	91964	91928	-1000.7844	0.99965947294565
670	6810	91965	91911	-1000.7844	0.99965947294565
671	6849	92810	92716	-1000.7588	0.9996705823124
672	6849	92804	92771	-1000.7652	0.99966780494407
673	6849	92809	92727	-1000.7652	0.99966780494407
674	6849	92792	92771	-1000.7652	0.99966780494407
675	6849	92795	92739	-1000.7652	0.99966780494407
676	6849	92771	92686	-1000.7652	0.99966780494407
677	6849	92757	92692	-1000.7652	0.99966780494407
678	6849	92736	92697	-1000.7652	0.99966780494407
679	6849	92739	92676	-1000.7652	0.99966780494407
680	6849	92740	92622	-1000.7652	0.99966780494407
681	6964	94320	94257	-1000.746	0.99967613710235
682	6964	94305	94285	-1000.7588	0.9996705823124
683	6964	94311	94250	-1000.7588	0.9996705823124
684	6964	94285	94279	-1000.7588	0.9996705823124
685	6964	94294	94185	-1000.7588	0.9996705823124
686	6964	94279	94233	-1000.7588	0.9996705823124
687	6964	94257	94233	-1000.7588	0.9996705823124
688	6964	94261	94185	-1000.7588	0.9996705823124
689	6964	94248	94200	-1000.7588	0.9996705823124
690	6964	94250	94190	-1000.7588	0.9996705823124
691	7098	96018	96016	-1000.7396	0.99967891452396
692	7098	96022	95970	-1000.746	0.99967613710235
693	7098	96016	95957	-1000.746	0.99967613710235
694	7098	96006	95939	-1000.746	0.99967613710235
695	7098	95978	95970	-1000.746	0.99967613710235
696	7098	95987	95946	-1000.746	0.99967613710235
697	7098	95970	95967	-1000.746	0.99967613710235
698	7098	95958	95953	-1000.746	0.99967613710235
699	7098	95966	95922	-1000.746	0.99967613710235
700	7098	95967	95900	-1000.746	0.99967613710235
701	13069	156091	156089	-1000.714	0.99969002438805
702	13069	156098	155992	-1000.7396	0.99967891452396
703	13069	156089	155996	-1000.7396	0.99967891452396
704	13069	156074	156049	-1000.7396	0.99967891452396
705	13069	156062	156049	-1000.7396	0.99967891452396
706	13069	156068	155982	-1000.7396	0.99967891452396
707	13069	156047	155990	-1000.7396	0.99967891452396
708	13069	156049	155944	-1000.7396	0.99967891452396
709	13069	156002	155993	-1000.7396	0.99967891452396
710	13069	155992	155982	-1000.7396	0.99967891452396
