-- MySQL Administrator dump 1.4
--
-- ------------------------------------------------------
-- Server version	5.0.51a-3ubuntu5.7


/*!40101 SET @OLD_CHARACTER_SET_CLIENT=@@CHARACTER_SET_CLIENT */;
/*!40101 SET @OLD_CHARACTER_SET_RESULTS=@@CHARACTER_SET_RESULTS */;
/*!40101 SET @OLD_COLLATION_CONNECTION=@@COLLATION_CONNECTION */;
/*!40101 SET NAMES utf8 */;

/*!40014 SET @OLD_UNIQUE_CHECKS=@@UNIQUE_CHECKS, UNIQUE_CHECKS=0 */;
/*!40014 SET @OLD_FOREIGN_KEY_CHECKS=@@FOREIGN_KEY_CHECKS, FOREIGN_KEY_CHECKS=0 */;
/*!40101 SET @OLD_SQL_MODE=@@SQL_MODE, SQL_MODE='NO_AUTO_VALUE_ON_ZERO' */;


--
-- Create schema scheids
--

CREATE DATABASE IF NOT EXISTS scheids;
USE scheids;
CREATE TABLE  `scheids`.`afwezig` (
  `id` int(11) NOT NULL auto_increment,
  `persoon` int(11) default NULL,
  `datum` date default NULL,
  `opmerkingen` varchar(255) default NULL,
  PRIMARY KEY  (`id`),
  KEY `persoon__idx` (`persoon`),
  CONSTRAINT `afwezig_ibfk_1` FOREIGN KEY (`persoon`) REFERENCES `persoon` (`id`) ON DELETE CASCADE
) ENGINE=InnoDB AUTO_INCREMENT=3 DEFAULT CHARSET=utf8;
INSERT INTO `scheids`.`afwezig` VALUES  (1,17,'2010-02-05','wintersport'),
 (2,17,'2010-02-12','wintersport');
CREATE TABLE  `scheids`.`auth_event` (
  `id` int(11) NOT NULL auto_increment,
  `time_stamp` datetime default NULL,
  `client_ip` varchar(512) default NULL,
  `user_id` int(11) default NULL,
  `origin` varchar(512) default NULL,
  `description` longtext,
  PRIMARY KEY  (`id`),
  KEY `user_id__idx` (`user_id`),
  CONSTRAINT `auth_event_ibfk_1` FOREIGN KEY (`user_id`) REFERENCES `auth_user` (`id`) ON DELETE CASCADE
) ENGINE=InnoDB DEFAULT CHARSET=utf8;
CREATE TABLE  `scheids`.`auth_group` (
  `id` int(11) NOT NULL auto_increment,
  `role` varchar(512) default NULL,
  `description` longtext,
  PRIMARY KEY  (`id`)
) ENGINE=InnoDB DEFAULT CHARSET=utf8;
CREATE TABLE  `scheids`.`auth_membership` (
  `id` int(11) NOT NULL auto_increment,
  `user_id` int(11) default NULL,
  `group_id` int(11) default NULL,
  PRIMARY KEY  (`id`),
  KEY `user_id__idx` (`user_id`),
  KEY `group_id__idx` (`group_id`),
  CONSTRAINT `auth_membership_ibfk_1` FOREIGN KEY (`user_id`) REFERENCES `auth_user` (`id`) ON DELETE CASCADE,
  CONSTRAINT `auth_membership_ibfk_2` FOREIGN KEY (`group_id`) REFERENCES `auth_group` (`id`) ON DELETE CASCADE
) ENGINE=InnoDB DEFAULT CHARSET=utf8;
CREATE TABLE  `scheids`.`auth_permission` (
  `id` int(11) NOT NULL auto_increment,
  `group_id` int(11) default NULL,
  `name` varchar(512) default NULL,
  `table_name` varchar(512) default NULL,
  `record_id` int(11) default NULL,
  PRIMARY KEY  (`id`),
  KEY `group_id__idx` (`group_id`),
  CONSTRAINT `auth_permission_ibfk_1` FOREIGN KEY (`group_id`) REFERENCES `auth_group` (`id`) ON DELETE CASCADE
) ENGINE=InnoDB DEFAULT CHARSET=utf8;
CREATE TABLE  `scheids`.`auth_user` (
  `id` int(11) NOT NULL auto_increment,
  `first_name` varchar(128) default NULL,
  `last_name` varchar(128) default NULL,
  `email` varchar(512) default NULL,
  `password` varchar(512) default NULL,
  `registration_key` varchar(512) default NULL,
  PRIMARY KEY  (`id`)
) ENGINE=InnoDB DEFAULT CHARSET=utf8;
CREATE TABLE  `scheids`.`kan_team_fluiten` (
  `id` int(11) NOT NULL auto_increment,
  `scheids` int(11) default NULL,
  `team` int(11) default NULL,
  `waarde` double default NULL,
  `opmerkingen` varchar(255) default NULL,
  PRIMARY KEY  (`id`),
  KEY `scheids__idx` (`scheids`),
  KEY `team__idx` (`team`),
  CONSTRAINT `kan_team_fluiten_ibfk_1` FOREIGN KEY (`scheids`) REFERENCES `persoon` (`id`) ON DELETE CASCADE,
  CONSTRAINT `kan_team_fluiten_ibfk_2` FOREIGN KEY (`team`) REFERENCES `team` (`id`) ON DELETE CASCADE
) ENGINE=InnoDB AUTO_INCREMENT=112 DEFAULT CHARSET=utf8;
INSERT INTO `scheids`.`kan_team_fluiten` VALUES  (2,4,4,0,''),
 (3,4,5,0,''),
 (4,4,6,0,''),
 (5,4,7,0,''),
 (6,4,8,0,''),
 (7,4,9,0,''),
 (8,4,10,0,''),
 (9,5,4,1,''),
 (10,5,5,1,''),
 (11,5,6,1,''),
 (12,5,7,1,''),
 (13,5,8,1,''),
 (14,5,9,1,''),
 (15,5,10,1,''),
 (16,6,4,1,''),
 (17,6,5,1,''),
 (18,6,6,1,''),
 (19,6,7,1,''),
 (20,6,8,1,''),
 (21,6,9,1,''),
 (22,6,10,1,''),
 (23,7,4,1,''),
 (24,7,5,1,''),
 (25,7,6,1,''),
 (26,7,8,1,''),
 (27,7,9,1,''),
 (28,7,10,1,''),
 (29,8,4,1,''),
 (30,8,5,1,''),
 (31,8,6,1,''),
 (32,8,8,1,''),
 (33,8,9,1,''),
 (34,8,10,1,''),
 (35,9,4,1,''),
 (36,9,5,1,''),
 (37,9,6,1,''),
 (38,9,8,1,''),
 (39,9,9,1,''),
 (40,9,10,1,''),
 (41,10,4,1,''),
 (42,10,5,1,''),
 (43,10,6,1,''),
 (44,10,8,1,''),
 (45,10,9,1,''),
 (46,10,10,1,''),
 (47,11,4,0.5,''),
 (48,11,5,0.5,''),
 (49,11,6,1,''),
 (50,11,8,1,''),
 (51,11,9,1,''),
 (52,11,10,1,''),
 (53,12,4,0.5,''),
 (54,12,5,0.5,''),
 (55,12,6,1,''),
 (56,12,8,1,''),
 (57,12,9,1,''),
 (58,12,10,1,''),
 (59,13,6,1,''),
 (60,13,8,1,'');
INSERT INTO `scheids`.`kan_team_fluiten` VALUES  (61,13,9,1,''),
 (62,13,10,1,''),
 (63,14,4,1,''),
 (64,14,5,1,''),
 (65,14,6,1,''),
 (66,14,8,1,''),
 (67,14,9,1,''),
 (68,14,10,1,''),
 (69,15,4,1,''),
 (70,15,5,1,''),
 (71,15,6,1,''),
 (72,15,8,1,''),
 (73,15,9,1,''),
 (74,15,10,1,''),
 (75,16,4,0.5,''),
 (76,16,5,0.5,''),
 (77,16,6,1,''),
 (78,16,8,1,''),
 (79,16,9,1,''),
 (80,16,10,1,''),
 (81,17,4,1,''),
 (82,17,5,1,''),
 (83,17,6,1,''),
 (84,17,8,1,''),
 (85,17,9,1,''),
 (86,17,10,1,''),
 (87,18,6,1,''),
 (88,18,8,1,''),
 (89,18,9,1,''),
 (90,18,10,1,''),
 (91,19,6,1,''),
 (92,19,8,1,''),
 (93,19,9,1,''),
 (94,19,10,1,''),
 (95,20,6,1,''),
 (96,20,8,1,''),
 (97,20,9,1,''),
 (98,20,10,1,''),
 (99,22,6,1,''),
 (100,22,9,1,''),
 (101,23,6,1,''),
 (102,23,9,1,''),
 (103,24,6,1,''),
 (104,24,9,1,''),
 (105,24,10,1,''),
 (106,26,4,1,NULL),
 (107,26,5,1,NULL),
 (108,26,6,1,NULL),
 (109,26,8,1,NULL),
 (110,26,9,1,NULL),
 (111,26,10,1,NULL);
CREATE TABLE  `scheids`.`kan_wedstrijd_fluiten` (
  `id` int(11) NOT NULL auto_increment,
  `scheids` int(11) default NULL,
  `wedstrijd` int(11) default NULL,
  `waarde` double default NULL,
  `speelt_zelfde_dag` int(11) default NULL,
  `opmerkingen` varchar(255) default NULL,
  `date_inserted` datetime default NULL,
  PRIMARY KEY  (`id`),
  KEY `scheids__idx` (`scheids`),
  KEY `wedstrijd__idx` (`wedstrijd`),
  CONSTRAINT `kan_wedstrijd_fluiten_ibfk_1` FOREIGN KEY (`scheids`) REFERENCES `persoon` (`id`) ON DELETE CASCADE,
  CONSTRAINT `kan_wedstrijd_fluiten_ibfk_2` FOREIGN KEY (`wedstrijd`) REFERENCES `wedstrijd` (`id`) ON DELETE CASCADE
) ENGINE=InnoDB AUTO_INCREMENT=704 DEFAULT CHARSET=utf8;
INSERT INTO `scheids`.`kan_wedstrijd_fluiten` VALUES  (347,6,47,1,0,NULL,NULL),
 (348,6,62,1,0,NULL,NULL),
 (349,6,68,1,0,NULL,NULL),
 (350,6,78,1,0,NULL,NULL),
 (351,6,86,1,0,NULL,NULL),
 (352,6,52,1,0,NULL,NULL),
 (353,6,58,1,0,NULL,NULL),
 (354,6,65,1,0,NULL,NULL),
 (355,6,71,1,0,NULL,NULL),
 (356,6,76,1,0,NULL,NULL),
 (357,6,82,1,0,NULL,NULL),
 (358,6,59,1,0,NULL,NULL),
 (359,6,66,1,0,NULL,NULL),
 (360,6,81,1,0,NULL,NULL),
 (361,6,83,1,0,NULL,NULL),
 (362,6,136,1,0,NULL,NULL),
 (363,6,48,1,0,NULL,NULL),
 (364,6,50,1,0,NULL,NULL),
 (365,6,55,1,0,NULL,NULL),
 (366,6,63,1,0,NULL,NULL),
 (367,6,72,1,0,NULL,NULL),
 (368,6,79,1,0,NULL,NULL),
 (369,6,87,1,0,NULL,NULL),
 (370,6,45,1,0,NULL,NULL),
 (371,6,53,1,0,NULL,NULL),
 (372,6,60,1,0,NULL,NULL),
 (373,6,67,1,0,NULL,NULL),
 (374,6,77,1,0,NULL,NULL),
 (375,6,84,1,0,NULL,NULL),
 (376,6,51,1,0,NULL,NULL),
 (377,6,57,1,0,NULL,NULL),
 (378,6,64,1,0,NULL,NULL),
 (379,6,70,1,0,NULL,NULL),
 (380,6,74,1,0,NULL,NULL),
 (381,6,46,1,0,NULL,NULL),
 (382,6,54,1,0,NULL,NULL),
 (383,6,61,1,0,NULL,NULL);
INSERT INTO `scheids`.`kan_wedstrijd_fluiten` VALUES  (384,6,69,1,0,NULL,NULL),
 (385,6,75,1,0,NULL,NULL),
 (386,6,85,1,0,NULL,NULL),
 (387,14,47,1,0,NULL,NULL),
 (388,14,62,1,0,NULL,NULL),
 (389,14,68,1,0,NULL,NULL),
 (390,14,78,1,0,NULL,NULL),
 (391,14,86,1,0,NULL,NULL),
 (392,14,52,1,0,NULL,NULL),
 (393,14,58,1,0,NULL,NULL),
 (394,14,65,1,0,NULL,NULL),
 (395,14,71,1,0,NULL,NULL),
 (396,14,76,1,0,NULL,NULL),
 (397,14,82,1,0,NULL,NULL),
 (398,14,59,1,0,NULL,NULL),
 (399,14,66,1,0,NULL,NULL),
 (400,14,81,1,0,NULL,NULL),
 (401,14,83,1,0,NULL,NULL),
 (402,14,136,1,0,NULL,NULL),
 (403,14,45,1,0,NULL,NULL),
 (404,14,53,1,0,NULL,NULL),
 (405,14,60,1,0,NULL,NULL),
 (406,14,67,1,0,NULL,NULL),
 (407,14,77,1,0,NULL,NULL),
 (408,14,84,1,0,NULL,NULL),
 (409,14,51,1,0,NULL,NULL),
 (410,14,57,1,0,NULL,NULL),
 (411,14,64,1,0,NULL,NULL),
 (412,14,70,1,0,NULL,NULL),
 (413,14,74,1,0,NULL,NULL),
 (414,14,46,1,0,NULL,NULL),
 (415,14,54,1,0,NULL,NULL),
 (416,14,61,1,0,NULL,NULL),
 (417,14,69,1,0,NULL,NULL),
 (418,14,75,1,0,NULL,NULL);
INSERT INTO `scheids`.`kan_wedstrijd_fluiten` VALUES  (419,14,85,1,0,NULL,NULL),
 (420,15,47,1,0,NULL,NULL),
 (421,15,62,1,0,NULL,NULL),
 (422,15,68,1,0,NULL,NULL),
 (423,15,78,1,0,NULL,NULL),
 (424,15,86,1,0,NULL,NULL),
 (425,15,52,1,0,NULL,NULL),
 (426,15,58,1,0,NULL,NULL),
 (427,15,65,1,0,NULL,NULL),
 (428,15,71,1,0,NULL,NULL),
 (429,15,76,1,0,NULL,NULL),
 (430,15,82,1,0,NULL,NULL),
 (431,15,59,1,0,NULL,NULL),
 (432,15,66,1,0,NULL,NULL),
 (433,15,81,1,0,NULL,NULL),
 (434,15,83,1,0,NULL,NULL),
 (435,15,136,1,0,NULL,NULL),
 (436,15,45,1,0,NULL,NULL),
 (437,15,53,1,0,NULL,NULL),
 (438,15,60,1,0,NULL,NULL),
 (439,15,67,1,0,NULL,NULL),
 (440,15,77,1,0,NULL,NULL),
 (441,15,84,1,0,NULL,NULL),
 (442,15,51,1,0,NULL,NULL),
 (443,15,57,1,0,NULL,NULL),
 (444,15,64,1,0,NULL,NULL),
 (445,15,70,1,0,NULL,NULL),
 (446,15,74,1,0,NULL,NULL),
 (447,15,46,1,0,NULL,NULL),
 (448,15,54,1,0,NULL,NULL),
 (449,15,61,1,0,NULL,NULL),
 (450,15,69,1,0,NULL,NULL),
 (451,15,75,1,0,NULL,NULL),
 (452,15,85,1,0,NULL,NULL),
 (467,5,52,1,0,NULL,NULL);
INSERT INTO `scheids`.`kan_wedstrijd_fluiten` VALUES  (468,5,58,1,0,NULL,NULL),
 (469,5,65,1,0,NULL,NULL),
 (470,5,76,1,0,NULL,NULL),
 (471,5,82,1,0,NULL,NULL),
 (472,5,59,1,0,NULL,NULL),
 (473,5,66,1,0,NULL,NULL),
 (474,5,83,1,0,NULL,NULL),
 (475,5,50,1,0,NULL,NULL),
 (476,5,51,1,0,NULL,NULL),
 (477,5,57,1,0,NULL,NULL),
 (478,5,64,1,0,NULL,NULL),
 (479,5,74,1,0,NULL,NULL),
 (480,5,75,1,0,NULL,NULL),
 (481,18,59,1,0,NULL,NULL),
 (482,18,66,1,0,NULL,NULL),
 (483,18,83,1,0,NULL,NULL),
 (484,18,51,1,0,NULL,NULL),
 (485,18,57,1,0,NULL,NULL),
 (486,18,64,1,0,NULL,NULL),
 (487,18,74,1,0,NULL,NULL),
 (488,18,75,1,0,NULL,NULL),
 (489,8,52,1,0,NULL,NULL),
 (490,8,76,1,0,NULL,NULL),
 (493,8,51,1,0,NULL,NULL),
 (494,8,74,1,0,NULL,NULL),
 (496,8,75,1,0,NULL,NULL),
 (497,24,136,1,0,NULL,NULL),
 (498,24,51,1,0,NULL,NULL),
 (499,24,74,1,0,NULL,NULL),
 (500,24,54,1,0,NULL,NULL),
 (501,24,75,1,0,NULL,NULL),
 (510,26,47,1,0,NULL,NULL),
 (511,26,62,1,0,NULL,NULL),
 (512,26,45,1,0,NULL,NULL),
 (513,26,53,1,0,NULL,NULL),
 (514,26,60,1,0,NULL,NULL);
INSERT INTO `scheids`.`kan_wedstrijd_fluiten` VALUES  (515,26,46,1,0,NULL,NULL),
 (516,26,54,1,0,NULL,NULL),
 (517,26,61,1,0,NULL,NULL),
 (518,16,68,0.5,0,NULL,NULL),
 (519,16,52,0.5,0,NULL,NULL),
 (520,16,71,0.5,0,NULL,NULL),
 (521,16,76,0.5,0,NULL,NULL),
 (522,16,53,1,0,NULL,NULL),
 (523,16,67,1,0,NULL,NULL),
 (524,16,51,1,0,NULL,NULL),
 (525,16,70,1,0,NULL,NULL),
 (526,16,74,1,0,NULL,NULL),
 (527,16,54,1,0,NULL,NULL),
 (528,16,69,1,0,NULL,NULL),
 (529,16,75,1,0,NULL,NULL),
 (530,17,68,1,0,NULL,NULL),
 (531,17,52,1,0,NULL,NULL),
 (532,17,71,1,0,NULL,NULL),
 (533,17,76,1,0,NULL,NULL),
 (534,17,53,1,0,NULL,NULL),
 (535,17,67,1,0,NULL,NULL),
 (536,17,51,1,0,NULL,NULL),
 (537,17,70,1,0,NULL,NULL),
 (538,17,74,1,0,NULL,NULL),
 (539,17,54,1,0,NULL,NULL),
 (540,17,69,1,0,NULL,NULL),
 (541,17,75,1,0,NULL,NULL),
 (542,11,52,0.5,0,NULL,NULL),
 (543,11,58,0.5,0,NULL,NULL),
 (544,11,65,0.5,0,NULL,NULL),
 (545,11,76,0.5,0,NULL,NULL),
 (546,11,82,0.5,0,NULL,NULL),
 (547,11,59,1,0,NULL,NULL),
 (548,11,66,1,0,NULL,NULL),
 (549,11,83,1,0,NULL,NULL);
INSERT INTO `scheids`.`kan_wedstrijd_fluiten` VALUES  (550,11,51,1,0,NULL,NULL),
 (551,11,57,1,0,NULL,NULL),
 (552,11,64,1,0,NULL,NULL),
 (553,11,74,1,0,NULL,NULL),
 (554,11,75,1,0,NULL,NULL),
 (555,19,59,1,0,NULL,NULL),
 (556,19,66,1,0,NULL,NULL),
 (557,19,83,1,0,NULL,NULL),
 (558,19,51,1,0,NULL,NULL),
 (559,19,57,1,0,NULL,NULL),
 (560,19,64,1,0,NULL,NULL),
 (561,19,74,1,0,NULL,NULL),
 (562,19,75,1,0,NULL,NULL),
 (563,20,59,1,0,NULL,NULL),
 (564,20,66,1,0,NULL,NULL),
 (565,20,83,1,0,NULL,NULL),
 (566,20,51,1,0,NULL,NULL),
 (567,20,57,1,0,NULL,NULL),
 (568,20,64,1,0,NULL,NULL),
 (569,20,74,1,0,NULL,NULL),
 (570,20,75,1,0,NULL,NULL),
 (571,10,52,1,0,NULL,NULL),
 (572,10,65,1,0,NULL,NULL),
 (573,10,66,1,0,NULL,NULL),
 (575,10,51,1,0,NULL,NULL),
 (576,10,64,1,0,NULL,NULL),
 (577,7,78,1,0,NULL,NULL),
 (578,7,52,1,0,NULL,NULL),
 (579,7,65,1,0,NULL,NULL),
 (580,7,82,1,0,NULL,NULL),
 (581,7,66,1,0,NULL,NULL),
 (582,7,81,1,0,NULL,NULL),
 (583,7,83,1,0,NULL,NULL),
 (584,7,77,1,0,NULL,NULL),
 (585,7,51,1,0,NULL,NULL),
 (586,7,64,1,0,NULL,NULL);
INSERT INTO `scheids`.`kan_wedstrijd_fluiten` VALUES  (587,12,78,0.5,0,NULL,NULL),
 (588,12,52,0.5,0,NULL,NULL),
 (589,12,65,0.5,0,NULL,NULL),
 (590,12,82,0.5,0,NULL,NULL),
 (591,12,66,1,0,NULL,NULL),
 (592,12,81,1,0,NULL,NULL),
 (593,12,83,1,0,NULL,NULL),
 (594,12,77,1,0,NULL,NULL),
 (595,12,51,1,0,NULL,NULL),
 (596,12,64,1,0,NULL,NULL),
 (597,13,66,1,0,NULL,NULL),
 (598,13,81,1,0,NULL,NULL),
 (599,13,83,1,0,NULL,NULL),
 (600,13,77,1,0,NULL,NULL),
 (601,13,51,1,0,NULL,NULL),
 (602,13,64,1,0,NULL,NULL),
 (603,22,66,1,0,NULL,NULL),
 (604,22,81,1,0,NULL,NULL),
 (605,22,83,1,0,NULL,NULL),
 (606,22,51,1,0,NULL,NULL),
 (607,22,64,1,0,NULL,NULL),
 (608,23,66,1,0,NULL,NULL),
 (609,23,81,1,0,NULL,NULL),
 (610,23,83,1,0,NULL,NULL),
 (611,23,51,1,0,NULL,NULL),
 (612,23,64,1,0,NULL,NULL),
 (626,5,47,1,1,NULL,NULL),
 (627,5,62,1,1,NULL,NULL),
 (628,5,78,1,1,NULL,NULL),
 (629,5,86,1,1,NULL,NULL),
 (630,5,45,1,1,NULL,NULL),
 (631,5,53,1,1,NULL,NULL),
 (632,5,60,1,1,NULL,NULL),
 (633,5,77,1,1,NULL,NULL),
 (634,5,84,1,1,NULL,NULL);
INSERT INTO `scheids`.`kan_wedstrijd_fluiten` VALUES  (635,5,46,1,1,NULL,NULL),
 (636,5,54,1,1,NULL,NULL),
 (637,5,61,1,1,NULL,NULL),
 (638,5,85,1,1,NULL,NULL),
 (639,18,45,1,1,NULL,NULL),
 (640,18,53,1,1,NULL,NULL),
 (641,18,60,1,1,NULL,NULL),
 (642,18,77,1,1,NULL,NULL),
 (643,18,84,1,1,NULL,NULL),
 (644,18,46,1,1,NULL,NULL),
 (645,18,54,1,1,NULL,NULL),
 (646,18,61,1,1,NULL,NULL),
 (647,18,85,1,1,NULL,NULL),
 (648,8,71,1,1,NULL,NULL),
 (650,8,70,1,1,NULL,NULL),
 (651,24,81,1,1,NULL,NULL),
 (652,24,70,1,1,NULL,NULL),
 (656,26,68,1,1,NULL,NULL),
 (657,26,67,1,1,NULL,NULL),
 (658,26,69,1,1,NULL,NULL),
 (659,16,78,0.5,1,NULL,NULL),
 (660,16,77,1,1,NULL,NULL),
 (661,17,78,1,1,NULL,NULL),
 (662,17,77,1,1,NULL,NULL),
 (663,11,47,0.5,1,NULL,NULL),
 (664,11,62,0.5,1,NULL,NULL),
 (665,11,78,0.5,1,NULL,NULL),
 (666,11,86,0.5,1,NULL,NULL),
 (667,11,45,1,1,NULL,NULL),
 (668,11,53,1,1,NULL,NULL),
 (669,11,60,1,1,NULL,NULL),
 (670,11,77,1,1,NULL,NULL),
 (671,11,84,1,1,NULL,NULL),
 (672,11,46,1,1,NULL,NULL),
 (673,11,54,1,1,NULL,NULL);
INSERT INTO `scheids`.`kan_wedstrijd_fluiten` VALUES  (674,11,61,1,1,NULL,NULL),
 (675,11,85,1,1,NULL,NULL),
 (676,19,45,1,1,NULL,NULL),
 (677,19,53,1,1,NULL,NULL),
 (678,19,60,1,1,NULL,NULL),
 (679,19,77,1,1,NULL,NULL),
 (680,19,84,1,1,NULL,NULL),
 (681,19,46,1,1,NULL,NULL),
 (682,19,54,1,1,NULL,NULL),
 (683,19,61,1,1,NULL,NULL),
 (684,19,85,1,1,NULL,NULL),
 (685,20,45,1,1,NULL,NULL),
 (686,20,53,1,1,NULL,NULL),
 (687,20,60,1,1,NULL,NULL),
 (688,20,77,1,1,NULL,NULL),
 (689,20,84,1,1,NULL,NULL),
 (690,20,46,1,1,NULL,NULL),
 (691,20,54,1,1,NULL,NULL),
 (692,20,61,1,1,NULL,NULL),
 (693,20,85,1,1,NULL,NULL),
 (694,10,71,1,1,NULL,NULL),
 (696,10,70,1,1,NULL,NULL),
 (697,7,71,1,1,NULL,NULL),
 (698,7,70,1,1,NULL,NULL),
 (699,12,71,0.5,1,NULL,NULL),
 (700,12,70,1,1,NULL,NULL),
 (701,13,70,1,1,NULL,NULL),
 (702,22,70,1,1,NULL,NULL),
 (703,23,70,1,1,NULL,NULL);
CREATE TABLE  `scheids`.`persoon` (
  `id` int(11) NOT NULL auto_increment,
  `naam` varchar(255) default NULL,
  `email` varchar(255) default NULL,
  `telnrs` varchar(255) default NULL,
  `speelt_in` int(11) default NULL,
  `opmerkingen` varchar(255) default NULL,
  PRIMARY KEY  (`id`),
  KEY `speelt_in__idx` (`speelt_in`),
  CONSTRAINT `persoon_ibfk_1` FOREIGN KEY (`speelt_in`) REFERENCES `team` (`id`) ON DELETE CASCADE
) ENGINE=InnoDB AUTO_INCREMENT=27 DEFAULT CHARSET=utf8;
INSERT INTO `scheids`.`persoon` VALUES  (4,'Jan-Albert Kootstra ','janalbert@dds.nl','033-4759773',3,'Vooral buiten vereniging fluiten, evt wel wedstrijd voor eigen wedstrijd fluiten, wel zo min mogelijk. Coachen nieuwe mensen vind \'ie wel leuk.'),
 (5,'Chris Meijer','chris.meijer@xmsnet.nl','033-4564770',3,'Fluit omdat \'ie moet fluiten, dit seizoen weer begonnen, wel fluiten voor zijn eigen wedstrijd. Voor nood pas als laatste bellen. Kan ook iedereen fluiten.'),
 (6,'Lisette Ackerstaff','lisetteackerstaff@zonnet.nl','06-18977814',NULL,'kan dames 1, heren 2 doen.'),
 (7,'Jeanet Wattimena','a.j.wattimena@xmsnet.nl','033-4559491 / 06 23642578',10,'Fluit t/m heren 2, dames 2. Vind \'t ook leuk.Evt als 2e keus voor D1. Op andere dagen minder happig. Alg: iedereen 1 of 2 keer op andere avond.'),
 (8,'Rob van Zonneveld','rob.vanzonneveld@kpnmail.nl','033- 4562129',4,'t/m H2, D2. Hij coachet dames 1, hierdoor wel vaker op andere avond als \'ie niet zelf speelt.'),
 (9,'Maarten Wispelwey ','mwispelwey@regionoordveluwe.nl;m.wispelwey@planet.nl','033-4650616',5,'t/m H2, D2. Kan evt ook H1 doen. Hij coacht D2 (man van Karin ook). Rekening mee houden, maar minder dan bij Rob.'),
 (10,'Esther Hilhorst','ester.hilhorst@hetnet.nl','06-10339022',8,'t/m H2, D2. Ook vaak D1 gedaan. Niet inplannen na eigen wedstrijd, zodat er uitwijk is als D1-scheids niet komt. 2e helft vorig seizoen niet ingepland, wel altijd spullen mee.');
INSERT INTO `scheids`.`persoon` VALUES  (11,'Baukelien Mulder','baukelien.mulder@casema.nl','033-2980828',7,'t/m D2, meestal D2. H4 wel, H2/H3 even de vraag. mail@planet verwijderd, want bounced'),
 (12,'Yvonne Bokhorst','yvonnebokhorst@gmail.com','033-4750989',10,'t/m D2, wel H4, hoger eigenlijk niet,maar doet ze wel.'),
 (13,'Debby Meerveld','cd.meerveld@casema.nl','033-4946218',10,'max D2, H4. Geen H2/H3.'),
 (14,'Gerard Kraan','gpsa.kraan@gmail.com','033-4752474',NULL,'t/m H2, kan evt doorgroeien'),
 (15,'Reza Gharsi','Gharsi44@hotmail.com','033- 8887388',NULL,'t/m H2, wil wel graag vroeg fluiten. Maar op rustige avond wel alles laat. Wel belangrijk om te houden.'),
 (16,'Jan Taconis','taconis-arem@planet.nl;jan.taconis@achmea.nl','033- 4611006',6,'t/m D2, H2/H3 de vraag.'),
 (17,'Nico de Vreeze','nico.de.vreeze@xs4all.nl','06-51335037',6,''),
 (18,'Henry van der Heide','Mail@HenryVanDerHeide.nl','033-7850529',3,'nieuw: D2-4, H4. Volgend seizoen evt meer'),
 (19,'Kuneke Kluijfhout','kuneke@xs4all.nl','033-4651344',7,'nieuw: D2-4, H4. Volgend seizoen evt meer'),
 (20,'Suzanne de Rooij','theosuzanne@hetnet.nl','033-2861522',7,'nieuw: D2-4, H4. Volgend seizoen evt meer, vraag of ze blijft fluiten. Speelt alleen af en toe in dames 1, vanwege opleiding prive.');
INSERT INTO `scheids`.`persoon` VALUES  (21,'Margriet Drent','margrietdrent@hotmail.com','033-4615248',9,'6-1-2010 niet inplannen, is dit jaar geen lid wegens moederschap.'),
 (22,'Astrid Bok','astrid.bok@zonnet.nl','033-4725477',10,'Nieuw: vindt \'t super spannend, Jan Albert ernaast zetten. D3 en H4 misschien.'),
 (23,'Annette Wolda','annette.wolda@gmail.com','033-4652411',10,'nieuw: D3, H4,wel zelfstandig, even checken.'),
 (24,'Ronald Schreuder','r.schreuder@gericke.net','033 4625120;06 53210135',4,'nieuw: wel cursus gedaan, nog niet eerder ingepland'),
 (25,'Annemarijke postma','postma107@zonnet.nl; annemarijke.postma@planet.nl','',8,'Wedstrijd coordinatie'),
 (26,'Gert van de Meent','gertvandemeent@hotmail.com','033 334566119 / 06 20634709',5,'6-1-2010 Gert kan nu ook ingepland worden.');
CREATE TABLE  `scheids`.`persoon_team` (
  `id` int(11) NOT NULL auto_increment,
  `persoon` int(11) default NULL,
  `team` int(11) default NULL,
  `soort` varchar(40) default NULL,
  PRIMARY KEY  (`id`),
  KEY `persoon__idx` (`persoon`),
  KEY `team__idx` (`team`),
  CONSTRAINT `persoon_team_ibfk_1` FOREIGN KEY (`persoon`) REFERENCES `persoon` (`id`) ON DELETE CASCADE,
  CONSTRAINT `persoon_team_ibfk_2` FOREIGN KEY (`team`) REFERENCES `team` (`id`) ON DELETE CASCADE
) ENGINE=InnoDB AUTO_INCREMENT=25 DEFAULT CHARSET=utf8;
INSERT INTO `scheids`.`persoon_team` VALUES  (2,4,3,'speler'),
 (3,5,3,'speler'),
 (4,18,3,'speler'),
 (5,8,4,'speler'),
 (6,24,4,'speler'),
 (7,9,5,'speler'),
 (8,26,5,'speler'),
 (9,16,6,'speler'),
 (10,17,6,'speler'),
 (11,11,7,'speler'),
 (12,19,7,'speler'),
 (13,20,7,'speler'),
 (14,10,8,'speler'),
 (15,25,8,'speler'),
 (16,21,9,'speler'),
 (17,7,10,'speler'),
 (18,12,10,'speler'),
 (19,13,10,'speler'),
 (20,22,10,'speler'),
 (21,23,10,'speler'),
 (22,10,7,'scheids'),
 (23,8,7,'coach'),
 (24,9,8,'coach');
CREATE TABLE  `scheids`.`scheids` (
  `id` int(11) NOT NULL auto_increment,
  `scheids` int(11) default NULL,
  `wedstrijd` int(11) default NULL,
  `speelt_zelfde_dag` int(11) default NULL,
  `opmerkingen` varchar(255) default NULL,
  `date_inserted` datetime default NULL,
  `status` varchar(20) default NULL,
  `waarde` double default NULL,
  PRIMARY KEY  (`id`),
  KEY `scheids__idx` (`scheids`),
  KEY `wedstrijd__idx` (`wedstrijd`),
  CONSTRAINT `scheids_ibfk_1` FOREIGN KEY (`scheids`) REFERENCES `persoon` (`id`) ON DELETE CASCADE,
  CONSTRAINT `scheids_ibfk_2` FOREIGN KEY (`wedstrijd`) REFERENCES `wedstrijd` (`id`) ON DELETE CASCADE
) ENGINE=InnoDB AUTO_INCREMENT=735 DEFAULT CHARSET=utf8;
INSERT INTO `scheids`.`scheids` VALUES  (1,11,45,1,'','2010-01-03 21:28:24','gemaild',1),
 (2,19,46,1,'','2010-01-03 21:29:10','gemaild',1),
 (3,5,47,1,'','2010-01-03 21:29:42','gemaild',1),
 (4,16,51,0,'','2010-01-03 21:30:06','gemaild',1),
 (5,14,52,0,'','2010-01-03 21:30:57','gemaild',1),
 (622,6,50,0,'Geregeld door D1 zelf','2010-01-12 20:37:08','gemaild-evenweg',1),
 (707,16,67,1,'','2010-01-12 21:02:42','voorstel',NULL),
 (708,17,68,1,'','2010-01-12 21:02:42','voorstel',NULL),
 (709,26,69,1,'','2010-01-12 21:02:42','voorstel',NULL),
 (710,22,81,1,'','2010-01-12 21:02:42','voorstel',NULL),
 (711,26,62,1,'','2010-01-12 21:02:42','voorstel',NULL),
 (712,5,86,1,'','2010-01-12 21:02:42','voorstel',NULL),
 (713,7,71,1,'','2010-01-12 21:02:42','voorstel',NULL),
 (714,7,78,1,'','2010-01-12 21:02:42','voorstel',NULL),
 (715,18,53,1,'','2010-01-12 21:02:42','voorstel',NULL),
 (716,24,54,1,'','2010-01-12 21:02:42','voorstel',NULL),
 (717,18,60,1,'','2010-01-12 21:02:42','voorstel',NULL),
 (718,19,61,1,'','2010-01-12 21:02:42','voorstel',NULL),
 (719,20,84,1,'','2010-01-12 21:02:42','voorstel',NULL);
INSERT INTO `scheids`.`scheids` VALUES  (720,11,85,1,'','2010-01-12 21:02:42','voorstel',NULL),
 (721,20,77,1,'','2010-01-12 21:02:42','voorstel',NULL),
 (722,22,70,1,'','2010-01-12 21:02:42','voorstel',NULL),
 (723,6,136,0,'','2010-01-12 21:02:42','voorstel',NULL),
 (724,14,58,0,'','2010-01-12 21:02:42','voorstel',NULL),
 (725,15,82,0,'','2010-01-12 21:02:42','voorstel',NULL),
 (726,6,57,0,'','2010-01-12 21:02:42','voorstel',NULL),
 (727,15,59,0,'','2010-01-12 21:02:42','voorstel',NULL),
 (728,10,65,0,'','2010-01-12 21:02:42','voorstel',NULL),
 (729,17,76,0,'','2010-01-12 21:02:42','voorstel',NULL),
 (730,8,74,0,'','2010-01-12 21:02:42','voorstel',NULL),
 (731,24,75,0,'','2010-01-12 21:02:42','voorstel',NULL),
 (732,23,83,0,'','2010-01-12 21:02:42','voorstel',NULL),
 (733,13,64,0,'','2010-01-12 21:02:42','voorstel',NULL),
 (734,12,66,0,'','2010-01-12 21:02:42','voorstel',NULL);
CREATE TABLE  `scheids`.`team` (
  `id` int(11) NOT NULL auto_increment,
  `naam` varchar(10) default NULL,
  `scheids_nodig` int(11) default NULL,
  `opmerkingen` varchar(255) default NULL,
  PRIMARY KEY  (`id`)
) ENGINE=InnoDB AUTO_INCREMENT=11 DEFAULT CHARSET=utf8;
INSERT INTO `scheids`.`team` VALUES  (3,'H1',0,''),
 (4,'H2',1,''),
 (5,'H3',1,''),
 (6,'H4',1,''),
 (7,'D1',0,''),
 (8,'D2',1,''),
 (9,'D3',1,''),
 (10,'D4',1,'');
CREATE TABLE  `scheids`.`wedstrijd` (
  `id` int(11) NOT NULL auto_increment,
  `team` int(11) default NULL,
  `lokatie` varchar(10) default NULL,
  `datumtijd` datetime default NULL,
  `scheids_nodig` int(11) default NULL,
  `opmerkingen` varchar(255) default NULL,
  `naam` varchar(255) default NULL,
  `date_inserted` datetime default NULL,
  `date_checked` datetime default NULL,
  PRIMARY KEY  (`id`),
  KEY `team__idx` (`team`),
  CONSTRAINT `wedstrijd_ibfk_1` FOREIGN KEY (`team`) REFERENCES `team` (`id`) ON DELETE CASCADE
) ENGINE=InnoDB AUTO_INCREMENT=138 DEFAULT CHARSET=utf8;
INSERT INTO `scheids`.`wedstrijd` VALUES  (45,8,'thuis','2010-01-08 19:45:00',1,'- Wilhelmina DS 2 Prima Donna Kaas Huizen DS 4','08-01-2010 19:45 D2','2010-01-03 16:23:17','2010-01-03 17:54:29'),
 (46,10,'thuis','2010-01-08 19:45:00',1,'- Wilhelmina DS 4 Vv Nederhorst DS 3','08-01-2010 19:45 D4','2010-01-03 16:23:17','2010-01-03 17:54:32'),
 (47,4,'thuis','2010-01-08 19:45:00',1,'- Wilhelmina HS 2 Prima Donna Kaas Huizen HS 4','08-01-2010 19:45 H2','2010-01-03 16:23:17','2010-01-03 17:54:22'),
 (48,7,'thuis','2010-01-08 21:15:00',0,'- Wilhelmina DS 1 AVV Keistad DS 2','08-01-2010 21:15 D1','2010-01-03 16:23:17','2010-01-03 17:54:27'),
 (49,3,'thuis','2010-01-08 21:15:00',0,'- Wilhelmina HS 1 AVV Keistad HS 3','08-01-2010 21:15 H1','2010-01-03 16:23:17','2010-01-03 17:54:21'),
 (50,7,'thuis','2010-01-12 21:00:00',0,'- Wilhelmina DS 1 Atalante DS 1','12-01-2010 21:00 D1','2010-01-03 16:23:17','2010-01-03 17:54:27'),
 (51,9,'thuis','2010-01-15 21:15:00',1,'- Wilhelmina DS 3 Oberon DS 4','15-01-2010 21:15 D3','2010-01-03 16:23:17','2010-01-03 17:54:30'),
 (52,5,'thuis','2010-01-15 21:15:00',1,'- Wilhelmina HS 3 ODIS HS 1','15-01-2010 21:15 H3','2010-01-03 16:23:17','2010-01-03 17:54:24');
INSERT INTO `scheids`.`wedstrijd` VALUES  (53,8,'thuis','2010-01-22 19:45:00',1,'- Wilhelmina DS 2 Oberon DS 2','22-01-2010 19:45 D2','2010-01-03 16:23:17','2010-01-03 17:54:29'),
 (54,10,'thuis','2010-01-22 19:45:00',1,'- Wilhelmina DS 4 Switch DS 2','22-01-2010 19:45 D4','2010-01-03 16:23:17','2010-01-03 17:54:32'),
 (55,7,'thuis','2010-01-22 21:15:00',0,'- Wilhelmina DS 1 US DS 3','22-01-2010 21:15 D1','2010-01-03 16:23:17','2010-01-03 17:54:27'),
 (56,3,'thuis','2010-01-22 21:15:00',0,'- Wilhelmina HS 1 Oberon HS 1','22-01-2010 21:15 H1','2010-01-03 16:23:17','2010-01-03 17:54:21'),
 (57,9,'thuis','2010-01-29 21:15:00',1,'- Wilhelmina DS 3 Prima Donna Kaas Huizen DS 5','29-01-2010 21:15 D3','2010-01-03 16:23:17','2010-01-03 17:54:31'),
 (58,5,'thuis','2010-01-29 21:15:00',1,'- Wilhelmina HS 3 Prima Donna Kaas Huizen HS 3','29-01-2010 21:15 H3','2010-01-03 16:23:17','2010-01-03 17:54:24'),
 (59,6,'thuis','2010-01-29 21:15:00',1,'- Wilhelmina HS 4 Oberon HS 3','29-01-2010 21:15 H4','2010-01-03 16:23:17','2010-01-03 17:54:26'),
 (60,8,'thuis','2010-02-05 19:45:00',1,'- Wilhelmina DS 2 Almere-Haven DS 1','05-02-2010 19:45 D2','2010-01-03 16:23:17','2010-01-03 17:54:29');
INSERT INTO `scheids`.`wedstrijd` VALUES  (61,10,'thuis','2010-02-05 19:45:00',1,'- Wilhelmina DS 4 Unicornus DS 3','05-02-2010 19:45 D4','2010-01-03 16:23:17','2010-01-03 17:54:32'),
 (62,4,'thuis','2010-02-05 19:45:00',1,'- Wilhelmina HS 2 A.G.A.V.S. HS 2','05-02-2010 19:45 H2','2010-01-03 16:23:17','2010-01-03 17:54:22'),
 (63,7,'thuis','2010-02-05 21:15:00',0,'- Wilhelmina DS 1 Zaanstad DS 3','05-02-2010 21:15 D1','2010-01-03 16:23:17','2010-01-03 17:54:27'),
 (64,9,'thuis','2010-02-12 21:15:00',1,'- Wilhelmina DS 3 Switch DS 1','12-02-2010 21:15 D3','2010-01-03 16:23:17','2010-01-03 17:54:31'),
 (65,5,'thuis','2010-02-12 21:15:00',1,'- Wilhelmina HS 3 Vv Nederhorst HS 2','12-02-2010 21:15 H3','2010-01-03 16:23:17','2010-01-03 17:54:24'),
 (66,6,'thuis','2010-02-12 21:15:00',1,'- Wilhelmina HS 4 Sovoco HS 4','12-02-2010 21:15 H4','2010-01-03 16:23:17','2010-01-03 17:54:26'),
 (67,8,'thuis','2010-03-05 19:45:00',1,'- Wilhelmina DS 2 Forza Hoogland DS 4','05-03-2010 19:45 D2','2010-01-03 16:23:17','2010-01-03 17:54:29'),
 (68,4,'thuis','2010-03-05 19:45:00',1,'- Wilhelmina HS 2 AVV Keistad HS 6','05-03-2010 19:45 H2','2010-01-03 16:23:17','2010-01-03 17:54:23');
INSERT INTO `scheids`.`wedstrijd` VALUES  (69,10,'thuis','2010-03-05 19:45:00',1,'- Wilhelmina DS 4 VC Allvo DS 4','05-03-2010 19:45 D4','2010-01-03 16:23:17','2010-01-03 17:54:32'),
 (70,9,'thuis','2010-03-05 21:15:00',1,'- Wilhelmina DS 3 VIF DS 2','05-03-2010 21:15 D3','2010-01-03 16:23:17','2010-01-03 17:54:31'),
 (71,5,'thuis','2010-03-05 21:15:00',1,'- Wilhelmina HS 3 VIF HS 1','05-03-2010 21:15 H3','2010-01-03 16:23:17','2010-01-03 17:54:24'),
 (72,7,'thuis','2010-03-12 21:15:00',0,'- Wilhelmina DS 1 VCH DS 1','12-03-2010 21:15 D1','2010-01-03 16:23:17','2010-01-03 17:54:27'),
 (73,3,'thuis','2010-03-12 21:15:00',0,'- Wilhelmina HS 1 Haarlem HS 2','12-03-2010 21:15 H1','2010-01-03 16:23:17','2010-01-03 17:54:21'),
 (74,9,'thuis','2010-03-19 21:15:00',1,'- Wilhelmina DS 3 A.G.A.V.S. DS 2','19-03-2010 21:15 D3','2010-01-03 16:23:17','2010-01-03 17:54:31'),
 (75,10,'thuis','2010-03-19 21:15:00',1,'- Wilhelmina DS 4 Forza Hoogland DS 6','19-03-2010 21:15 D4','2010-01-03 16:23:17','2010-01-03 17:54:32'),
 (76,5,'thuis','2010-03-19 21:15:00',1,'- Wilhelmina HS 3 Almere-Haven HS 1','19-03-2010 21:15 H3','2010-01-03 16:23:17','2010-01-03 17:54:24');
INSERT INTO `scheids`.`wedstrijd` VALUES  (77,8,'thuis','2010-03-26 19:45:00',1,'- Wilhelmina DS 2 Afas-LEOS DS 2','26-03-2010 19:45 D2','2010-01-03 16:23:17','2010-01-03 17:54:29'),
 (78,4,'thuis','2010-03-26 19:45:00',1,'- Wilhelmina HS 2 Lovoc HS 2','26-03-2010 19:45 H2','2010-01-03 16:23:17','2010-01-03 17:54:23'),
 (79,7,'thuis','2010-03-26 21:15:00',0,'- Wilhelmina DS 1 Sovoco DS 2','26-03-2010 21:15 D1','2010-01-03 16:23:17','2010-01-03 17:54:27'),
 (80,3,'thuis','2010-03-26 21:15:00',0,'- Wilhelmina HS 1 VCH HS 2','26-03-2010 21:15 H1','2010-01-03 16:23:17','2010-01-03 17:54:21'),
 (81,6,'thuis','2010-03-26 21:15:00',1,'- Wilhelmina HS 4 Voleem HS 3','26-03-2010 21:15 H4','2010-01-03 16:23:17','2010-01-03 17:54:26'),
 (82,5,'thuis','2010-04-09 21:15:00',1,'- Wilhelmina HS 3 Voleem HS 1','09-04-2010 21:15 H3','2010-01-03 16:23:17','2010-01-03 17:54:24'),
 (83,6,'thuis','2010-04-09 21:15:00',1,'- Wilhelmina HS 4 AVV Keistad HS 8','09-04-2010 21:15 H4','2010-01-03 16:23:17','2010-01-03 17:54:26'),
 (84,8,'thuis','2010-04-16 19:45:00',1,'- Wilhelmina DS 2 AVV Keistad DS 6','16-04-2010 19:45 D2','2010-01-03 16:23:17','2010-01-03 17:54:29');
INSERT INTO `scheids`.`wedstrijd` VALUES  (85,10,'thuis','2010-04-16 19:45:00',1,'- Wilhelmina DS 4 AVV Keistad DS 7','16-04-2010 19:45 D4','2010-01-03 16:23:17','2010-01-03 17:54:32'),
 (86,4,'thuis','2010-04-16 19:45:00',1,'- Wilhelmina HS 2 Voleem HS 2','16-04-2010 19:45 H2','2010-01-03 16:23:17','2010-01-03 17:54:23'),
 (87,7,'thuis','2010-04-16 21:15:00',0,'- Wilhelmina DS 1 Lovoc DS 1','16-04-2010 21:15 D1','2010-01-03 16:23:17','2010-01-03 17:54:27'),
 (88,3,'thuis','2010-04-16 21:15:00',0,'- Wilhelmina HS 1 Forza Hoogland HS 1','16-04-2010 21:15 H1','2010-01-03 16:23:17','2010-01-03 17:54:21'),
 (89,3,'uit','2010-01-16 14:00:00',0,'- US HS 4 Wilhelmina HS 1','16-01-2010 14:00 H1','2010-01-03 17:35:53','2010-01-03 17:54:21'),
 (90,3,'uit','2010-02-13 13:00:00',0,'- Gemini S HS 3 Wilhelmina HS 1','13-02-2010 13:00 H1','2010-01-03 17:35:53','2010-01-03 17:54:21'),
 (91,3,'uit','2010-02-19 20:15:00',0,'- VC Allvo HS 2 Wilhelmina HS 1','19-02-2010 20:15 H1','2010-01-03 17:35:53','2010-01-03 17:54:21'),
 (92,3,'uit','2010-03-05 21:00:00',0,'- Zaanstad HS 3 Wilhelmina HS 1','05-03-2010 21:00 H1','2010-01-03 17:35:53','2010-01-03 17:54:21');
INSERT INTO `scheids`.`wedstrijd` VALUES  (93,3,'uit','2010-03-17 19:30:00',0,'- VCH HS 1 Wilhelmina HS 1','17-03-2010 19:30 H1','2010-01-03 17:35:53','2010-01-03 17:54:21'),
 (94,3,'uit','2010-04-10 16:30:00',0,'- AVV Keistad HS 3 Wilhelmina HS 1','10-04-2010 16:30 H1','2010-01-03 17:35:53','2010-01-03 17:54:21'),
 (95,4,'uit','2010-01-29 21:45:00',0,'- Unicornus HS 2 Wilhelmina HS 2','29-01-2010 21:45 H2','2010-01-03 17:35:55','2010-01-03 17:54:22'),
 (96,4,'uit','2010-02-12 20:15:00',0,'- Switch HS 1 Wilhelmina HS 2','12-02-2010 20:15 H2','2010-01-03 17:35:55','2010-01-03 17:54:22'),
 (97,4,'uit','2010-03-13 12:00:00',0,'- Forza Hoogla... HS 3 Wilhelmina HS 2','13-03-2010 12:00 H2','2010-01-03 17:35:55','2010-01-03 17:54:23'),
 (98,4,'uit','2010-03-20 17:00:00',0,'- Sovoco HS 3 Wilhelmina HS 2','20-03-2010 17:00 H2','2010-01-03 17:35:55','2010-01-03 17:54:23'),
 (99,4,'uit','2010-04-09 21:45:00',0,'- Prima Donna ... HS 4 Wilhelmina HS 2','09-04-2010 21:45 H2','2010-01-03 17:35:55','2010-01-03 17:54:23'),
 (100,5,'uit','2010-01-09 16:30:00',0,'- Voleem HS 1 Wilhelmina HS 3','09-01-2010 16:30 H3','2010-01-03 17:35:56','2010-01-03 17:54:24');
INSERT INTO `scheids`.`wedstrijd` VALUES  (101,5,'uit','2010-02-03 19:30:00',0,'- Unitas HS 1 Wilhelmina HS 3','03-02-2010 19:30 H3','2010-01-03 17:35:57','2010-01-03 17:54:24'),
 (102,5,'uit','2010-02-18 20:00:00',0,'- Keizer Otto/... HS 1 Wilhelmina HS 3','18-02-2010 20:00 H3','2010-01-03 17:35:57','2010-01-03 17:54:24'),
 (103,5,'uit','2010-03-12 20:00:00',0,'- Oberon HS 2 Wilhelmina HS 3','12-03-2010 20:00 H3','2010-01-03 17:35:57','2010-01-03 17:54:24'),
 (104,5,'uit','2010-03-26 20:15:00',0,'- VC Allvo HS 4 Wilhelmina HS 3','26-03-2010 20:15 H3','2010-01-03 17:35:57','2010-01-03 17:54:24'),
 (105,5,'uit','2010-04-16 21:30:00',0,'- Lovoc HS 1 Wilhelmina HS 3','16-04-2010 21:30 H3','2010-01-03 17:35:57','2010-01-03 17:54:24'),
 (106,6,'uit','2010-01-08 21:15:00',0,'- AVV Keistad HS 8 Wilhelmina HS 4','08-01-2010 21:15 H4','2010-01-03 17:35:58','2010-01-03 17:54:25'),
 (107,6,'uit','2010-01-23 16:00:00',0,'- Forza Hoogla... HS 4 Wilhelmina HS 4','23-01-2010 16:00 H4','2010-01-03 17:35:58','2010-01-03 17:54:26'),
 (108,6,'uit','2010-02-05 21:45:00',0,'- Afas-LEOS HS 2 Wilhelmina HS 4','05-02-2010 21:45 H4','2010-01-03 17:35:58','2010-01-03 17:54:26');
INSERT INTO `scheids`.`wedstrijd` VALUES  (109,6,'uit','2010-03-06 12:00:00',0,'- Prima Donna ... HS 5 Wilhelmina HS 4','06-03-2010 12:00 H4','2010-01-03 17:35:58','2010-01-03 17:54:26'),
 (110,6,'uit','2010-04-16 20:15:00',0,'- VC Allvo HS 5 Wilhelmina HS 4','16-04-2010 20:15 H4','2010-01-03 17:35:58','2010-01-03 17:54:26'),
 (111,7,'uit','2010-01-30 16:00:00',0,'- Armixtos DS 1 Wilhelmina DS 1','30-01-2010 16:00 D1','2010-01-03 17:36:00','2010-01-03 17:54:27'),
 (112,7,'uit','2010-02-13 12:45:00',0,'- VC Allvo DS 1 Wilhelmina DS 1','13-02-2010 12:45 D1','2010-01-03 17:36:00','2010-01-03 17:54:27'),
 (113,7,'uit','2010-02-27 17:00:00',0,'- Vanetie Cast... DS 2 Wilhelmina DS 1','27-02-2010 17:00 D1','2010-01-03 17:36:00','2010-01-03 17:54:27'),
 (114,7,'uit','2010-03-05 20:00:00',0,'- Atalante DS 1 Wilhelmina DS 1','05-03-2010 20:00 D1','2010-01-03 17:36:00','2010-01-03 17:54:27'),
 (115,7,'uit','2010-03-20 16:00:00',0,'- MOVE DS 1 Wilhelmina DS 1','20-03-2010 16:00 D1','2010-01-03 17:36:00','2010-01-03 17:54:27'),
 (116,7,'uit','2010-04-10 14:30:00',0,'- AVV Keistad DS 2 Wilhelmina DS 1','10-04-2010 14:30 D1','2010-01-03 17:36:00','2010-01-03 17:54:27');
INSERT INTO `scheids`.`wedstrijd` VALUES  (117,8,'uit','2010-01-29 20:30:00',0,'- Unicornus DS 1 Wilhelmina DS 2','29-01-2010 20:30 D2','2010-01-03 17:36:02','2010-01-03 17:54:29'),
 (118,8,'uit','2010-03-19 19:30:00',0,'- Sovoco DS 3 Wilhelmina DS 2','19-03-2010 19:30 D2','2010-01-03 17:36:02','2010-01-03 17:54:29'),
 (119,8,'uit','2010-04-09 21:45:00',0,'- Prima Donna ... DS 4 Wilhelmina DS 2','09-04-2010 21:45 D2','2010-01-03 17:36:02','2010-01-03 17:54:29'),
 (120,9,'uit','2010-01-22 21:45:00',0,'- Afas-LEOS DS 3 Wilhelmina DS 3','22-01-2010 21:45 D3','2010-01-03 17:36:03','2010-01-03 17:54:31'),
 (121,9,'uit','2010-02-08 20:45:00',0,'- The Smashers DS 1 Wilhelmina DS 3','08-02-2010 20:45 D3','2010-01-03 17:36:03','2010-01-03 17:54:31'),
 (122,9,'uit','2010-03-12 19:15:00',0,'- Unicornus DS 5 Wilhelmina DS 3','12-03-2010 19:15 D3','2010-01-03 17:36:03','2010-01-03 17:54:31'),
 (123,9,'uit','2010-03-26 21:45:00',0,'- VC Allvo DS 5 Wilhelmina DS 3','26-03-2010 21:45 D3','2010-01-03 17:36:03','2010-01-03 17:54:31'),
 (124,10,'uit','2010-01-16 15:00:00',0,'- Voleem DS 2 Wilhelmina DS 4','16-01-2010 15:00 D4','2010-01-03 17:36:04','2010-01-03 17:54:32');
INSERT INTO `scheids`.`wedstrijd` VALUES  (125,10,'uit','2010-01-29 21:00:00',0,'- VIF DS 3 Wilhelmina DS 4','29-01-2010 21:00 D4','2010-01-03 17:36:04','2010-01-03 17:54:32'),
 (126,10,'uit','2010-02-13 15:00:00',0,'- A.G.A.V.S. DS 1 Wilhelmina DS 4','13-02-2010 15:00 D4','2010-01-03 17:36:04','2010-01-03 17:54:32'),
 (127,10,'uit','2010-03-12 19:30:00',0,'- Gemini S DS 3 Wilhelmina DS 4','12-03-2010 19:30 D4','2010-01-03 17:36:04','2010-01-03 17:54:32'),
 (128,10,'uit','2010-04-10 14:45:00',0,'- Vv Nederhors... DS 3 Wilhelmina DS 4','10-04-2010 14:45 D4','2010-01-03 17:36:04','2010-01-03 17:54:32'),
 (129,3,'thuis','2010-02-05 21:15:00',0,'- Wilhelmina HS 1 Smashing \'72 HS 1','05-02-2010 21:15 H1','2010-01-03 17:48:17','2010-01-03 17:54:21'),
 (133,8,'uit','2010-04-03 13:45:00',0,'- Salvo \'67 DS 2 Wilhelmina DS 2','03-04-2010 13:45 D2','2010-01-03 17:48:25','2010-01-03 17:54:29'),
 (134,9,'uit','2010-04-17 13:45:00',0,'- Salvo \'67 DS 3 Wilhelmina DS 3','17-04-2010 13:45 D3','2010-01-03 17:48:27','2010-01-03 17:54:31'),
 (135,4,'uit','2010-01-13 21:00:00',0,'- Touché \'86 HS 1 Wilhelmina HS 2','13-01-2010 21:00 H2','2010-01-03 17:54:22','2010-01-03 17:54:22');
INSERT INTO `scheids`.`wedstrijd` VALUES  (136,6,'thuis','2010-03-12 21:15:00',1,'- Wilhelmina HS 4 Touché \'86 HS 3','12-03-2010 21:15 H4','2010-01-03 17:54:26','2010-01-03 17:54:26'),
 (137,8,'uit','2010-01-13 21:00:00',0,'- Touché \'86 DS 1 Wilhelmina DS 2','13-01-2010 21:00 D2','2010-01-03 17:54:29','2010-01-03 17:54:29');
CREATE TABLE  `scheids`.`zeurfactor` (
  `id` int(11) NOT NULL auto_increment,
  `persoon` int(11) default NULL,
  `speelt_zelfde_dag` int(11) default NULL,
  `factor` double default NULL,
  `opmerkingen` varchar(255) default NULL,
  PRIMARY KEY  (`id`),
  KEY `persoon__idx` (`persoon`),
  CONSTRAINT `zeurfactor_ibfk_1` FOREIGN KEY (`persoon`) REFERENCES `persoon` (`id`) ON DELETE CASCADE
) ENGINE=InnoDB AUTO_INCREMENT=48 DEFAULT CHARSET=utf8;
INSERT INTO `scheids`.`zeurfactor` VALUES  (2,4,1,2,NULL),
 (3,5,1,2,NULL),
 (4,6,1,2,NULL),
 (5,7,1,2,NULL),
 (6,8,1,2,NULL),
 (7,9,1,2,NULL),
 (8,10,1,2,NULL),
 (9,11,1,2,NULL),
 (10,12,1,2,NULL),
 (11,13,1,2,NULL),
 (12,14,1,2,NULL),
 (13,15,1,2,NULL),
 (14,16,1,2,NULL),
 (15,17,1,2,''),
 (16,18,1,1.95,''),
 (17,19,1,1.95,'is nieuw, dus vaker fluiten.'),
 (18,20,1,1.95,'is nieuw, dus vaker fluiten.'),
 (19,21,1,2,NULL),
 (20,22,1,1.95,'is nieuw, dus vaker fluiten.'),
 (21,23,1,1.95,'is nieuw, dus vaker fluiten.'),
 (22,24,1,1.95,'is nieuw, dus vaker fluiten.'),
 (23,25,1,2,NULL),
 (24,26,1,2,''),
 (25,4,0,8,NULL),
 (26,5,0,12,''),
 (27,6,0,4,''),
 (28,7,0,8,NULL),
 (29,8,0,6,'Door coach D1 wat vaker op andere dagen'),
 (30,9,0,8,NULL),
 (31,10,0,8,NULL),
 (32,11,0,8,NULL),
 (33,12,0,8,NULL),
 (34,13,0,8,NULL),
 (35,14,0,4,''),
 (36,15,0,4.1,'Iets hoger dan Gerard'),
 (37,16,0,8,NULL),
 (38,17,0,4,''),
 (39,18,0,8,NULL),
 (40,19,0,8,NULL),
 (41,20,0,8,NULL),
 (42,21,0,8,NULL),
 (43,22,0,50,'ivm kinderen echt niet op andere dag.'),
 (44,23,0,8,NULL);
INSERT INTO `scheids`.`zeurfactor` VALUES  (45,24,0,8,NULL),
 (46,25,0,8,NULL),
 (47,26,0,3,'');



/*!40101 SET SQL_MODE=@OLD_SQL_MODE */;
/*!40014 SET FOREIGN_KEY_CHECKS=@OLD_FOREIGN_KEY_CHECKS */;
/*!40014 SET UNIQUE_CHECKS=@OLD_UNIQUE_CHECKS */;
/*!40101 SET CHARACTER_SET_CLIENT=@OLD_CHARACTER_SET_CLIENT */;
/*!40101 SET CHARACTER_SET_RESULTS=@OLD_CHARACTER_SET_RESULTS */;
/*!40101 SET COLLATION_CONNECTION=@OLD_COLLATION_CONNECTION */;
/*!40101 SET CHARACTER_SET_CLIENT=@OLD_CHARACTER_SET_CLIENT */;
