Time,Duration
2016-06-06 14:52:11.945,628554.38
2016-06-06 15:13:04.337,616174.69
2016-06-06 15:13:25.356,615155.88
2016-06-06 14:58:46.017,614483.94
2016-06-06 15:21:36.388,614133.5
2016-06-06 15:00:36.688,613817.0
2016-06-06 15:25:36.749,613773.56
2016-06-06 15:22:06.920,613596.0
2016-06-06 15:27:57.147,613392.31
2016-06-06 15:22:57.144,613374.75
2016-06-06 15:17:57.141,613374.0
2016-06-06 15:12:57.143,613368.69
2016-06-06 15:26:57.267,613268.56
2016-06-06 15:13:57.379,613129.56
2016-06-06 15:08:57.376,613132.31
2016-06-06 14:58:57.370,613130.25
2016-06-06 14:53:57.372,613125.62
2016-06-06 15:25:37.534,612988.94
2016-06-06 14:53:27.607,612895.0
2016-06-06 15:28:17.673,612863.94
2016-06-06 15:18:17.666,612849.06
2016-06-06 15:23:17.671,612848.5
2016-06-06 15:13:17.667,612843.69
2016-06-06 15:29:07.901,612621.94
2016-06-06 15:24:07.896,612619.94
2016-06-06 15:24:38.131,612390.88
2016-06-06 15:14:38.125,612388.44
2016-06-06 15:19:38.128,612391.19
2016-06-06 14:59:38.118,612388.62
2016-06-06 15:09:38.123,612384.75
2016-06-06 15:04:38.120,612384.94
2016-06-06 15:26:58.184,612351.75
2016-06-06 15:26:28.424,612108.44
2016-06-06 15:21:28.422,612098.69
2016-06-06 15:11:28.415,612098.12
2016-06-06 15:16:28.417,612098.75
2016-06-06 15:14:38.489,612024.5
2016-06-06 14:59:38.481,612025.81
2016-06-06 14:54:38.484,612018.69
2016-06-06 15:04:38.483,612021.0
2016-06-06 15:09:38.487,612020.44
2016-06-06 15:18:48.508,612010.06
2016-06-06 15:28:48.515,612013.38
2016-06-06 15:23:48.510,612011.62
2016-06-06 15:13:48.507,612000.31
2016-06-06 15:08:48.507,612000.88
2016-06-06 15:27:48.598,611941.06
2016-06-06 15:22:48.601,611920.19
2016-06-06 15:29:48.705,611823.81
2016-06-06 15:19:48.698,611821.69
2016-06-06 15:00:38.689,611816.81
2016-06-06 15:09:48.692,611816.81
2016-06-06 15:14:48.694,611816.31
2016-06-06 15:24:48.743,611778.25
2016-06-06 15:25:48.921,611610.44
2016-06-06 15:20:48.918,611602.25
2016-06-06 15:15:48.916,611596.81
2016-06-06 15:10:48.916,611592.31
2016-06-06 15:30:09.371,611148.75
2016-06-06 15:25:09.366,611150.0
2016-06-06 15:29:29.537,610990.75
2016-06-06 15:24:29.537,610983.12
2016-06-06 15:19:39.540,610979.12
2016-06-06 15:29:39.548,610980.38
2016-06-06 15:24:39.543,610978.5
2016-06-06 15:14:39.539,610975.0
2016-06-06 15:09:39.535,610972.75
2016-06-06 15:21:39.582,610939.56
2016-06-06 15:21:29.711,610809.56
2016-06-06 15:21:19.736,610783.75
2016-06-06 15:16:19.733,610781.94
2016-06-06 15:26:19.740,610792.25
2016-06-06 15:11:19.730,610782.81
2016-06-06 15:23:20.086,610434.0
2016-06-06 15:18:20.083,610432.12
2016-06-06 15:13:20.081,610429.5
2016-06-06 15:28:20.094,610442.19
2016-06-06 15:26:50.227,610307.38
2016-06-06 15:21:50.232,610290.06
2016-06-06 15:09:10.255,610254.56
2016-06-06 15:04:10.252,610254.88
2016-06-06 14:59:10.248,610255.12
2016-06-06 15:14:10.259,610248.38
2016-06-06 14:54:10.272,610230.62
2016-06-06 15:26:50.375,610159.94
2016-06-06 15:25:00.375,610146.19
2016-06-06 15:21:50.376,610146.56
2016-06-06 15:30:00.419,610123.0
2016-06-06 15:03:40.489,610015.44
2016-06-06 15:28:40.631,609907.81
2016-06-06 15:23:40.626,609894.88
2016-06-06 15:18:40.626,609891.38
2016-06-06 15:29:20.879,609648.62
2016-06-06 15:24:20.876,609643.94
2016-06-06 15:00:30.988,609516.75
2016-06-06 15:24:01.254,609268.06
2016-06-06 15:29:01.262,609267.62
2016-06-06 15:14:21.464,609048.62
2016-06-06 15:09:21.462,609048.75
2016-06-06 14:59:21.455,609049.25
2016-06-06 14:54:21.456,609045.31
2016-06-06 15:04:21.480,609026.25
2016-06-06 15:24:31.503,609017.56
2016-06-06 15:29:31.508,609019.25
2016-06-06 15:19:31.507,609011.12
2016-06-06 15:00:31.532,608972.56
2016-06-06 15:10:11.596,608913.88
2016-06-06 15:05:11.594,608912.0
2016-06-06 15:20:11.603,608911.38
2016-06-06 15:15:11.600,608909.44
2016-06-06 15:30:11.614,608905.44
2016-06-06 15:16:01.680,608833.94
2016-06-06 15:11:01.676,608832.31
2016-06-06 15:06:01.674,608832.0
2016-06-06 15:30:31.954,608821.5
2016-06-06 15:25:31.948,608573.56
2016-06-06 15:30:12.105,608414.12
2016-06-06 15:28:32.123,608414.81
2016-06-06 15:06:12.163,608343.69
2016-06-06 15:26:12.175,608352.44
2016-06-06 15:21:12.171,608344.5
2016-06-06 15:16:12.168,608345.44
2016-06-06 15:11:12.166,608341.31
2016-06-06 15:09:12.195,608314.19
2016-06-06 15:14:12.199,608308.0
2016-06-06 15:04:12.196,608310.88
2016-06-06 15:19:12.203,608309.94
2016-06-06 15:24:12.203,608312.69
2016-06-06 15:29:12.211,608311.75
2016-06-06 15:25:12.230,608285.94
2016-06-06 15:29:02.304,608225.38
2016-06-06 15:29:32.311,608216.06
2016-06-06 15:24:32.308,608212.62
2016-06-06 15:21:22.677,607842.12
2016-06-06 15:11:22.671,607841.5
2016-06-06 15:06:22.668,607839.69
2016-06-06 15:01:22.665,607840.19
2016-06-06 15:16:22.673,607841.19
2016-06-06 14:56:22.664,607838.5
2016-06-06 15:30:32.998,607776.06
2016-06-06 15:25:32.991,607530.31
2016-06-06 15:28:23.180,607356.0
2016-06-06 15:24:03.201,607321.12
2016-06-06 15:17:23.246,607269.38
2016-06-06 15:22:23.250,607270.75
2016-06-06 15:27:23.256,607280.94
2016-06-06 15:12:23.255,607257.19
2016-06-06 15:30:23.517,607006.56
2016-06-06 15:25:23.512,607008.31
2016-06-06 15:20:23.516,607003.44
2016-06-06 15:17:13.743,606767.69
2016-06-06 15:25:13.777,606738.38
2016-06-06 15:00:53.911,606590.75
2016-06-06 15:00:53.933,606568.25
2016-06-06 15:19:34.101,606417.81
2016-06-06 15:14:34.098,606416.0
2016-06-06 15:24:34.103,606417.38
2016-06-06 15:29:34.110,606417.88
2016-06-06 15:09:34.095,606411.88
2016-06-06 15:04:34.097,606410.12
2016-06-06 15:30:34.342,606431.56
2016-06-06 15:25:34.337,606184.25
2016-06-06 15:28:04.344,606195.69
2016-06-06 15:23:04.341,606177.94
2016-06-06 15:18:04.337,606177.06
2016-06-06 15:30:14.512,606007.69
2016-06-06 15:28:44.903,605635.56
2016-06-06 15:23:44.899,605622.0
2016-06-06 15:18:44.898,605619.62
2016-06-06 15:23:25.360,605159.44
2016-06-06 15:18:25.359,605156.5
2016-06-06 15:28:25.366,605170.56
2016-06-06 15:16:05.595,604918.69
2016-06-06 15:11:05.592,604916.69
2016-06-06 15:06:05.591,604914.56
2016-06-06 15:24:15.759,604756.62
2016-06-06 15:19:15.759,604753.62
2016-06-06 15:29:15.766,604756.69
2016-06-06 15:14:15.758,604749.62
2016-06-06 15:21:55.960,604562.5
2016-06-06 15:16:55.955,604556.5
2016-06-06 15:01:55.947,604555.25
2016-06-06 15:11:55.954,604556.44
2016-06-06 14:56:55.947,604552.44
2016-06-06 15:06:55.954,604551.38
2016-06-06 14:53:46.002,604500.12
2016-06-06 15:13:46.026,604486.5
2016-06-06 15:08:46.023,604483.69
2016-06-06 15:03:46.020,604484.69
2016-06-06 15:22:46.147,604375.38
2016-06-06 15:27:46.151,604387.31
2016-06-06 15:17:46.146,604370.12
2016-06-06 15:12:46.147,604363.0
2016-06-06 15:01:06.369,604133.31
2016-06-06 15:16:36.381,604134.12
2016-06-06 15:26:36.389,604143.5
2016-06-06 15:11:36.383,604130.25
2016-06-06 15:24:36.471,604049.94
2016-06-06 15:14:36.465,604048.38
2016-06-06 15:19:36.469,604049.62
2016-06-06 15:04:36.461,604046.94
2016-06-06 14:59:36.459,604046.69
2016-06-06 15:09:36.463,604043.88
2016-06-06 15:30:36.754,604021.19
2016-06-06 15:21:57.271,603251.38
2016-06-06 15:30:37.537,603239.38
2016-06-06 15:03:57.373,603131.88
2016-06-06 15:03:48.501,602002.94
2016-06-06 15:26:39.581,600951.12
2016-06-06 15:31:12.181,568591.06
2016-06-06 15:31:19.744,561027.44
2016-06-06 15:31:28.429,552337.44
2016-06-06 15:31:36.394,544371.62
2016-06-06 15:31:39.586,541181.25
2016-06-06 15:31:50.379,530385.5
2016-06-06 15:31:57.272,523489.81
2016-06-06 15:31:58.189,522570.91
2016-06-06 15:32:23.258,497498.47
2016-06-06 15:32:46.156,474597.88
2016-06-06 15:32:48.604,472152.72
2016-06-06 15:32:57.153,463599.56
2016-06-06 15:33:04.349,456400.44
2016-06-06 15:33:17.677,443072.72
2016-06-06 15:33:20.096,440647.12
2016-06-06 15:33:23.180,437560.66
2016-06-06 15:33:25.369,435374.31
2016-06-06 15:33:32.125,428614.5
2016-06-06 15:33:40.634,420105.03
2016-06-06 15:33:45.462,415274.94
2016-06-06 15:34:01.264,399471.22
2016-06-06 15:34:02.308,398425.75
2016-06-06 15:34:07.904,392830.25
2016-06-06 15:34:15.768,384963.0
2016-06-06 15:34:20.881,379845.03
2016-06-06 15:34:29.538,371189.09
2016-06-06 15:34:31.510,369213.28
2016-06-06 15:34:32.314,368393.69
2016-06-06 15:34:39.550,361154.91
2016-06-06 15:34:48.755,351949.31
2016-06-06 15:34:57.588,343114.62
2016-06-06 15:35:00.384,340317.72
2016-06-06 15:35:09.372,331327.0
2016-06-06 15:35:12.104,328592.28
2016-06-06 15:35:15.501,325144.97
2016-06-06 15:35:23.518,317124.53
2016-06-06 15:35:31.955,308686.94
2016-06-06 15:35:32.998,307642.22
2016-06-06 15:35:34.343,306295.25
2016-06-06 15:35:36.755,303884.75
2016-06-06 15:35:37.539,303101.16
2016-06-06 15:36:19.754,260890.95
2016-06-06 15:36:28.442,252202.25
2016-06-06 15:36:36.406,244236.42
2016-06-06 15:36:39.599,241042.73
2016-06-06 15:36:50.392,230247.88
2016-06-06 15:36:57.284,223353.98
2016-06-06 15:36:58.202,222398.0
2016-06-06 15:37:23.277,197323.03
2016-06-06 15:37:46.172,174427.0
2016-06-06 15:37:49.560,171038.42
2016-06-06 15:37:57.169,163428.64
2016-06-06 15:38:04.365,156231.05
2016-06-06 15:38:17.803,142792.02
2016-06-06 15:38:20.119,140473.44
2016-06-06 15:38:23.198,137389.53
2016-06-06 15:38:25.386,135205.33
2016-06-06 15:38:32.142,128443.63
2016-06-06 15:38:40.651,119934.15
2016-06-06 15:38:44.927,115657.19
2016-06-06 15:39:01.271,99303.22
2016-06-06 15:39:02.316,98257.26
2016-06-06 15:39:07.914,92658.22
2016-06-06 15:39:15.778,84793.24
2016-06-06 15:39:20.888,79673.74
2016-06-06 15:39:29.545,71015.44
2016-06-06 15:39:31.517,69035.01
2016-06-06 15:39:32.323,68227.7
2016-06-06 15:39:39.502,61046.54
2016-06-06 15:39:42.576,57971.9
2016-06-06 15:39:49.442,51104.37
2016-06-06 15:39:55.342,45203.62
2016-06-06 15:39:57.598,42946.77
2016-06-06 15:40:00.390,40152.67
2016-06-06 15:40:04.765,35776.81
2016-06-06 15:40:09.382,31154.24
2016-06-06 15:40:11.619,28915.81
2016-06-06 15:40:12.111,28421.54
2016-06-06 15:42:56.407,12120.45
2016-06-06 15:27:25.223,363.5
2016-06-06 15:43:09.142,149.96
2016-06-06 15:43:10.178,148.41
2016-06-06 15:44:00.602,138.69
2016-06-06 15:25:00.548,134.34
2016-06-06 15:18:10.495,133.57
2016-06-06 15:24:48.610,132.32
2016-06-06 15:15:00.611,132.2
2016-06-06 15:06:13.623,131.71
2016-06-06 15:38:05.642,130.0
2016-06-06 15:03:01.349,129.45
2016-06-06 15:17:00.541,129.23
2016-06-06 15:39:00.530,129.17
2016-06-06 15:27:27.394,128.79
2016-06-06 15:30:07.918,127.94
2016-06-06 15:35:25.042,127.68
2016-06-06 15:04:31.322,127.67
2016-06-06 15:37:00.578,126.74
2016-06-06 15:32:47.567,126.0
2016-06-06 15:07:00.610,125.39
2016-06-06 15:06:00.567,125.18
2016-06-06 15:19:00.536,125.12
2016-06-06 15:22:05.326,124.77
2016-06-06 15:30:12.407,124.71
2016-06-06 15:08:00.546,124.49
2016-06-06 15:04:01.196,124.01
2016-06-06 15:13:00.531,123.58
2016-06-06 15:40:00.546,123.41
2016-06-06 15:36:00.528,122.96
2016-06-06 15:05:00.554,121.6
2016-06-06 15:30:11.205,121.28
2016-06-06 15:21:00.561,120.23
2016-06-06 15:28:00.559,120.16
2016-06-06 15:26:00.558,119.96
2016-06-06 15:18:11.220,119.67
2016-06-06 15:19:22.526,119.6
2016-06-06 15:06:15.850,118.92
2016-06-06 15:14:00.548,118.76
2016-06-06 15:18:00.558,118.16
2016-06-06 15:00:00.499,117.1
2016-06-06 15:14:03.245,116.57
2016-06-06 15:02:05.835,116.08
2016-06-06 15:12:00.535,114.58
2016-06-06 15:29:01.106,114.49
2016-06-06 15:08:43.671,114.36
2016-06-06 15:01:01.130,114.14
2016-06-06 15:09:00.504,112.82
2016-06-06 15:24:00.529,112.72
2016-06-06 15:32:00.532,111.06
2016-06-06 15:22:01.799,110.0
2016-06-06 15:20:00.555,109.29
2016-06-06 15:27:28.275,109.23
2016-06-06 15:06:07.624,108.1
2016-06-06 15:14:13.928,107.9
2016-06-06 15:31:00.706,107.56
2016-06-06 15:27:32.060,107.19
2016-06-06 15:27:00.531,106.2
2016-06-06 15:34:00.278,105.38
2016-06-06 15:33:00.515,103.7
2016-06-06 15:35:00.488,103.44
2016-06-06 15:16:00.551,102.94
2016-06-06 15:24:44.626,102.88
2016-06-06 15:34:00.590,101.3
2016-06-06 15:38:00.572,101.14
2016-06-06 15:10:00.540,99.16
2016-06-06 15:23:00.469,96.55
2016-06-06 15:11:00.525,96.28
2016-06-06 15:28:00.199,79.35
2016-06-06 15:06:15.544,77.5
2016-06-06 15:40:00.259,76.88
2016-06-06 15:43:08.902,73.82
2016-06-06 15:07:00.292,67.91
2016-06-06 15:07:00.368,67.41
2016-06-06 15:04:00.450,67.4
2016-06-06 15:27:31.845,67.27
2016-06-06 15:16:00.418,67.21
2016-06-06 15:44:00.377,66.81
2016-06-06 15:10:00.337,66.73
2016-06-06 15:43:09.953,66.59
2016-06-06 15:04:00.699,66.52
2016-06-06 15:43:08.830,66.14
2016-06-06 15:30:11.870,66.12
2016-06-06 15:22:05.063,65.19
2016-06-06 15:14:13.732,65.07
2016-06-06 15:27:27.885,63.75
2016-06-06 15:27:31.775,63.65
2016-06-06 15:43:09.883,63.37
2016-06-06 15:10:00.266,63.17
2016-06-06 15:44:00.308,62.97
2016-06-06 15:28:00.305,62.85
2016-06-06 15:04:00.552,62.75
2016-06-06 15:20:00.294,62.67
2016-06-06 15:37:00.295,62.62
2016-06-06 15:05:00.351,62.5
2016-06-06 15:32:47.289,62.45
2016-06-06 15:24:00.256,61.99
2016-06-06 15:18:10.229,61.63
2016-06-06 15:17:00.273,61.56
2016-06-06 15:27:00.321,61.32
2016-06-06 15:26:00.273,61.21
2016-06-06 15:22:01.530,61.07
2016-06-06 15:27:00.253,60.98
2016-06-06 15:14:02.984,60.79
2016-06-06 15:14:13.665,60.6
2016-06-06 15:06:00.282,60.43
2016-06-06 15:08:43.416,60.28
2016-06-06 15:33:00.261,60.0
2016-06-06 15:22:01.597,59.75
2016-06-06 15:30:07.416,59.7
2016-06-06 15:03:00.519,59.7
2016-06-06 15:25:00.276,59.63
2016-06-06 15:30:10.848,59.56
2016-06-06 15:27:27.954,59.48
2016-06-06 15:21:00.353,59.3
2016-06-06 15:30:07.329,58.99
2016-06-06 15:15:00.371,58.84
2016-06-06 15:05:00.282,58.82
2016-06-06 15:25:00.341,58.77
2016-06-06 15:35:24.830,58.71
2016-06-06 15:27:27.112,58.68
2016-06-06 15:40:00.342,58.67
2016-06-06 15:04:31.108,58.48
2016-06-06 15:07:00.542,58.41
2016-06-06 15:19:00.275,58.1
2016-06-06 15:12:00.288,58.09
2016-06-06 15:06:07.336,58.07
2016-06-06 15:06:13.412,58.05
2016-06-06 15:34:00.390,57.9
2016-06-06 15:21:00.290,57.61
2016-06-06 15:35:24.766,57.53
2016-06-06 15:44:00.221,57.33
2016-06-06 15:43:08.740,57.3
2016-06-06 15:06:00.351,57.28
2016-06-06 15:39:00.328,57.24
2016-06-06 15:19:00.342,57.11
2016-06-06 15:26:00.341,56.99
2016-06-06 15:19:22.326,56.98
2016-06-06 15:14:00.345,56.8
2016-06-06 15:08:00.283,56.78
2016-06-06 15:36:00.323,56.73
2016-06-06 15:03:00.625,56.71
2016-06-06 15:09:00.255,56.71
2016-06-06 15:04:31.044,56.65
2016-06-06 15:37:00.365,56.62
2016-06-06 15:36:00.259,56.6
2016-06-06 15:24:44.424,56.37
2016-06-06 15:27:25.014,56.25
2016-06-06 15:24:48.344,56.18
2016-06-06 15:24:44.363,56.15
2016-06-06 15:31:00.507,56.04
2016-06-06 15:13:00.279,55.9
2016-06-06 15:15:00.304,55.89
2016-06-06 15:06:07.401,55.27
2016-06-06 15:24:48.406,55.11
2016-06-06 15:01:00.770,54.82
2016-06-06 15:27:27.176,54.73
2016-06-06 15:32:00.282,54.73
2016-06-06 15:06:15.628,54.46
2016-06-06 15:15:00.551,54.46
2016-06-06 15:19:22.266,54.4
2016-06-06 15:34:00.201,54.38
2016-06-06 15:14:03.053,54.25
2016-06-06 15:24:00.324,54.2
2016-06-06 15:32:00.343,54.13
2016-06-06 15:13:00.341,54.08
2016-06-06 15:43:09.800,53.53
2016-06-06 15:38:05.373,53.47
2016-06-06 15:18:00.292,53.36
2016-06-06 15:19:22.182,53.33
2016-06-06 15:30:11.715,52.95
2016-06-06 15:33:00.327,52.89
2016-06-06 15:18:10.297,52.81
2016-06-06 15:40:00.175,52.8
2016-06-06 15:35:24.687,52.45
2016-06-06 15:27:31.693,52.35
2016-06-06 15:30:10.917,52.24
2016-06-06 15:29:00.697,52.09
2016-06-06 15:27:27.026,51.89
2016-06-06 15:38:00.318,51.89
2016-06-06 15:22:04.984,51.85
2016-06-06 15:14:00.287,51.7
2016-06-06 15:09:00.318,51.67
2016-06-06 15:38:05.434,51.67
2016-06-06 15:02:05.369,51.55
2016-06-06 15:22:05.133,51.49
2016-06-06 15:27:24.957,51.37
2016-06-06 15:24:44.284,51.35
2016-06-06 15:37:00.212,51.26
2016-06-06 15:23:00.291,51.08
2016-06-06 15:25:00.195,50.9
2016-06-06 15:00:00.248,50.84
2016-06-06 15:35:00.252,50.57
2016-06-06 15:23:00.234,50.51
2016-06-06 15:38:00.186,50.5
2016-06-06 15:03:01.964,50.22
2016-06-06 15:06:13.327,50.21
2016-06-06 15:35:00.309,50.12
2016-06-06 15:20:00.216,49.58
2016-06-06 15:32:47.209,49.57
2016-06-06 15:38:00.377,49.47
2016-06-06 15:16:00.270,49.46
2016-06-06 15:28:00.374,49.37
2016-06-06 15:12:00.351,49.16
2016-06-06 15:08:00.346,48.97
2016-06-06 15:11:00.295,48.72
2016-06-06 15:29:00.584,48.62
2016-06-06 15:18:10.977,48.56
2016-06-06 15:30:11.999,48.47
2016-06-06 15:18:00.352,48.46
2016-06-06 15:21:00.208,48.4
2016-06-06 15:21:00.737,48.34
2016-06-06 15:38:00.238,48.07
2016-06-06 15:31:00.452,47.99
2016-06-06 15:18:00.201,47.95
2016-06-06 15:02:05.274,47.89
2016-06-06 15:39:00.273,47.75
2016-06-06 15:32:47.358,47.65
2016-06-06 15:03:00.425,47.48
2016-06-06 15:30:07.602,47.2
2016-06-06 15:12:00.212,47.1
2016-06-06 15:16:00.326,46.93
2016-06-06 15:24:00.181,46.93
2016-06-06 15:11:00.350,46.9
2016-06-06 15:33:00.182,46.88
2016-06-06 15:20:00.359,46.59
2016-06-06 15:13:00.202,46.37
2016-06-06 15:38:05.836,46.37
2016-06-06 15:17:00.342,46.37
2016-06-06 15:08:43.484,46.35
2016-06-06 15:07:00.216,46.26
2016-06-06 15:10:00.188,46.2
2016-06-06 15:30:11.354,46.19
2016-06-06 15:43:09.031,46.17
2016-06-06 15:01:00.842,46.1
2016-06-06 15:06:13.253,46.05
2016-06-06 15:16:00.716,45.98
2016-06-06 15:24:48.268,45.93
2016-06-06 15:15:00.482,45.91
2016-06-06 15:02:05.427,45.87
2016-06-06 15:08:43.867,45.82
2016-06-06 15:43:09.569,45.64
2016-06-06 15:18:10.900,45.59
2016-06-06 15:06:15.470,45.35
2016-06-06 15:00:00.305,45.23
2016-06-06 15:15:00.230,45.08
2016-06-06 15:24:44.799,44.96
2016-06-06 15:30:10.575,44.78
2016-06-06 15:29:00.756,44.43
2016-06-06 15:27:27.341,44.3
2016-06-06 15:06:07.516,44.16
2016-06-06 15:30:12.188,44.03
2016-06-06 15:08:43.820,43.89
2016-06-06 15:27:25.656,43.88
2016-06-06 15:14:02.903,43.86
2016-06-06 15:08:00.211,43.8
2016-06-06 15:06:00.209,43.66
2016-06-06 15:18:11.033,43.65
2016-06-06 15:27:00.181,43.59
2016-06-06 15:06:07.262,43.58
2016-06-06 15:18:10.156,43.49
2016-06-06 15:38:05.300,43.47
2016-06-06 15:36:00.185,43.42
2016-06-06 15:26:00.199,43.36
2016-06-06 15:01:00.588,43.3
2016-06-06 15:19:00.200,43.28
2016-06-06 15:30:07.163,43.15
2016-06-06 15:22:01.461,43.02
2016-06-06 15:44:00.809,43.01
2016-06-06 15:14:13.591,42.98
2016-06-06 15:27:27.590,42.94
2016-06-06 15:17:00.201,42.92
2016-06-06 15:32:00.210,42.91
2016-06-06 15:05:00.211,42.73
2016-06-06 15:14:00.200,42.54
2016-06-06 15:37:00.768,42.35
2016-06-06 15:38:05.594,42.2
2016-06-06 15:35:25.242,42.15
2016-06-06 15:39:00.206,42.02
2016-06-06 15:26:00.739,41.97
2016-06-06 15:27:00.433,41.8
2016-06-06 15:17:00.699,41.74
2016-06-06 15:30:07.772,41.49
2016-06-06 15:24:44.751,41.48
2016-06-06 15:14:03.435,41.41
2016-06-06 15:32:47.459,41.28
2016-06-06 15:43:10.392,41.07
2016-06-06 15:04:30.974,40.97
2016-06-06 15:17:00.745,40.92
2016-06-06 15:06:00.713,40.92
2016-06-06 15:35:24.941,40.73
2016-06-06 15:43:09.523,40.59
2016-06-06 15:32:47.715,40.53
2016-06-06 15:04:31.512,40.51
2016-06-06 15:28:00.752,40.46
2016-06-06 15:40:00.501,40.4
2016-06-06 15:19:22.666,40.36
2016-06-06 15:22:05.468,40.36
2016-06-06 15:04:01.071,40.35
2016-06-06 15:43:10.075,40.31
2016-06-06 15:24:48.565,40.29
2016-06-06 15:25:00.748,40.26
2016-06-06 15:18:00.511,40.24
2016-06-06 15:06:00.465,40.24
2016-06-06 15:00:00.634,40.1
2016-06-06 15:18:00.453,39.98
2016-06-06 15:06:00.761,39.96
2016-06-06 15:27:27.544,39.91
2016-06-06 15:30:08.213,39.89
2016-06-06 15:19:00.680,39.86
2016-06-06 15:16:00.504,39.85
2016-06-06 15:06:00.521,39.82
2016-06-06 15:34:00.156,39.76
2016-06-06 15:30:11.162,39.6
2016-06-06 15:20:00.511,39.55
2016-06-06 15:24:48.508,39.54
2016-06-06 15:12:00.713,39.53
2016-06-06 15:43:09.097,39.49
2016-06-06 15:25:00.703,39.49
2016-06-06 15:26:00.456,39.26
2016-06-06 15:44:00.554,39.23
2016-06-06 15:08:43.345,39.17
2016-06-06 15:19:22.712,39.12
2016-06-06 15:27:24.891,39.12
2016-06-06 15:17:00.494,39.08
2016-06-06 15:29:01.046,39.05
2016-06-06 15:22:05.516,39.03
2016-06-06 15:43:10.132,38.98
2016-06-06 15:30:12.865,38.84
2016-06-06 15:44:00.497,38.8
2016-06-06 15:04:01.406,38.8
2016-06-06 15:06:15.805,38.55
2016-06-06 15:27:32.229,38.52
2016-06-06 15:37:00.477,38.45
2016-06-06 15:00:00.454,38.44
2016-06-06 15:44:00.023,38.34
2016-06-06 15:11:00.140,38.28
2016-06-06 15:27:27.820,38.28
2016-06-06 15:43:10.347,38.2
2016-06-06 15:03:01.091,38.17
2016-06-06 15:18:00.738,38.15
2016-06-06 15:11:00.229,38.1
2016-06-06 15:24:48.956,38.05
2016-06-06 15:32:47.523,38.04
2016-06-06 15:36:00.484,38.02
2016-06-06 15:30:08.304,38.01
2016-06-06 15:07:00.486,37.79
2016-06-06 15:44:00.763,37.77
2016-06-06 15:39:00.487,37.67
2016-06-06 15:00:00.186,37.65
2016-06-06 15:24:48.909,37.63
2016-06-06 15:18:09.985,37.56
2016-06-06 15:06:15.995,37.52
2016-06-06 15:30:12.253,37.5
2016-06-06 15:27:28.070,37.47
2016-06-06 15:00:00.401,37.38
2016-06-06 15:27:25.124,37.37
2016-06-06 15:11:00.642,37.35
2016-06-06 15:19:22.482,37.34
2016-06-06 15:34:00.495,37.24
2016-06-06 15:25:00.503,37.21
2016-06-06 15:17:00.436,37.2
2016-06-06 15:22:01.708,37.15
2016-06-06 15:36:00.430,37.15
2016-06-06 15:06:13.488,37.08
2016-06-06 15:35:00.185,37.07
2016-06-06 15:26:00.513,37.06
2016-06-06 15:12:00.032,37.05
2016-06-06 15:15:00.763,36.94
2016-06-06 15:35:25.197,36.91
2016-06-06 15:04:00.370,36.82
2016-06-06 15:03:01.709,36.79
2016-06-06 15:04:31.470,36.76
2016-06-06 15:29:01.315,36.71
2016-06-06 15:14:00.448,36.71
2016-06-06 15:27:32.018,36.61
2016-06-06 15:27:00.657,36.58
2016-06-06 15:07:00.038,36.56
2016-06-06 15:19:22.431,36.55
2016-06-06 15:31:00.351,36.53
2016-06-06 15:09:00.682,36.49
2016-06-06 15:36:00.670,36.37
2016-06-06 15:14:14.093,36.37
2016-06-06 15:27:25.613,36.34
2016-06-06 15:24:44.583,36.3
2016-06-06 15:08:00.453,36.29
2016-06-06 15:43:08.545,36.28
2016-06-06 15:04:31.281,36.17
2016-06-06 15:27:28.406,36.14
2016-06-06 15:14:03.155,36.13
2016-06-06 15:34:00.548,36.11
2016-06-06 15:01:01.058,36.08
2016-06-06 15:09:00.021,36.06
2016-06-06 15:38:05.792,36.02
2016-06-06 15:00:00.680,36.0
2016-06-06 15:18:10.649,35.98
2016-06-06 15:18:10.730,35.95
2016-06-06 15:06:13.581,35.94
2016-06-06 15:06:07.579,35.89
2016-06-06 15:14:00.689,35.87
2016-06-06 15:07:00.802,35.84
2016-06-06 15:34:00.750,35.82
2016-06-06 15:25:00.446,35.82
2016-06-06 15:02:06.186,35.82
2016-06-06 15:20:00.457,35.81
2016-06-06 15:28:00.707,35.75
2016-06-06 15:39:00.707,35.75
2016-06-06 15:40:00.724,35.67
2016-06-06 15:14:03.391,35.61
2016-06-06 15:08:00.697,35.57
2016-06-06 15:27:27.284,35.57
2016-06-06 15:16:00.676,35.54
2016-06-06 15:33:00.475,35.52
2016-06-06 15:35:25.001,35.47
2016-06-06 15:27:28.127,35.43
2016-06-06 15:16:00.209,35.38
2016-06-06 15:31:00.392,35.38
2016-06-06 15:14:13.888,35.37
2016-06-06 15:04:01.451,35.37
2016-06-06 15:24:00.488,35.36
2016-06-06 15:18:11.400,35.35
2016-06-06 15:30:13.037,35.29
2016-06-06 15:19:00.020,35.27
2016-06-06 15:09:00.641,35.23
2016-06-06 15:27:32.187,35.21
2016-06-06 15:38:05.540,35.17
2016-06-06 15:23:00.174,35.17
2016-06-06 15:06:07.756,35.13
2016-06-06 15:31:00.665,35.12
2016-06-06 15:18:10.403,35.11
2016-06-06 15:08:43.628,35.05
2016-06-06 15:19:00.726,35.0
2016-06-06 15:04:31.223,34.97
2016-06-06 15:05:00.513,34.92
2016-06-06 15:37:00.536,34.89
2016-06-06 15:18:00.700,34.89
2016-06-06 15:15:00.035,34.86
2016-06-06 15:13:00.680,34.83
2016-06-06 15:32:47.762,34.82
2016-06-06 15:05:00.737,34.77
2016-06-06 15:06:13.780,34.76
2016-06-06 15:15:00.191,34.74
2016-06-06 15:05:00.697,34.74
2016-06-06 15:22:01.964,34.68
2016-06-06 15:38:00.041,34.64
2016-06-06 15:09:00.463,34.63
2016-06-06 15:26:00.017,34.57
2016-06-06 15:37:00.728,34.57
2016-06-06 15:18:11.126,34.54
2016-06-06 15:27:31.966,34.51
2016-06-06 15:19:00.448,34.48
2016-06-06 15:09:00.192,34.38
2016-06-06 15:06:16.039,34.34
2016-06-06 15:27:26.837,34.32
2016-06-06 15:16:00.031,34.31
2016-06-06 15:35:00.014,34.29
2016-06-06 15:31:00.615,34.28
2016-06-06 15:30:11.425,34.27
2016-06-06 15:28:00.519,34.25
2016-06-06 15:18:00.161,34.25
2016-06-06 15:27:25.180,34.2
2016-06-06 15:18:11.178,34.17
2016-06-06 15:12:00.495,34.14
2016-06-06 15:39:00.432,34.1
2016-06-06 15:06:15.742,34.1
2016-06-06 15:40:00.450,34.06
2016-06-06 15:18:10.455,34.05
2016-06-06 15:06:07.085,34.05
2016-06-06 15:04:00.976,34.03
2016-06-06 15:24:44.497,34.0
2016-06-06 15:13:00.492,33.99
2016-06-06 15:32:00.663,33.98
2016-06-06 15:32:47.020,33.95
2016-06-06 15:07:00.760,33.94
2016-06-06 15:02:05.772,33.9
2016-06-06 15:36:00.722,33.84
2016-06-06 15:14:00.507,33.83
2016-06-06 15:12:00.669,33.82
2016-06-06 15:14:13.426,33.81
2016-06-06 15:26:00.700,33.73
2016-06-06 15:32:00.443,33.73
2016-06-06 15:21:00.522,33.66
2016-06-06 15:39:00.029,33.63
2016-06-06 15:14:00.731,33.58
2016-06-06 15:25:00.154,33.58
2016-06-06 15:35:00.610,33.51
2016-06-06 15:36:00.019,33.5
2016-06-06 15:32:00.493,33.47
2016-06-06 15:22:01.761,33.44
2016-06-06 15:08:00.508,33.4
2016-06-06 15:14:00.033,33.39
2016-06-06 15:14:03.207,33.3
2016-06-06 15:37:00.035,33.29
2016-06-06 15:33:00.425,33.28
2016-06-06 15:43:08.702,33.21
2016-06-06 15:21:00.468,33.19
2016-06-06 15:21:00.699,33.11
2016-06-06 15:05:00.462,33.02
2016-06-06 15:39:00.678,33.02
2016-06-06 15:28:00.027,32.97
2016-06-06 15:20:00.032,32.97
2016-06-06 15:18:10.691,32.95
2016-06-06 15:30:11.097,32.94
2016-06-06 15:01:00.468,32.93
2016-06-06 15:05:00.038,32.86
2016-06-06 15:35:00.650,32.79
2016-06-06 15:22:01.926,32.78
2016-06-06 15:35:24.518,32.77
2016-06-06 15:32:00.030,32.73
2016-06-06 15:22:05.202,32.71
2016-06-06 15:19:00.498,32.7
2016-06-06 15:04:30.788,32.65
2016-06-06 15:06:00.430,32.64
2016-06-06 15:31:00.836,32.62
2016-06-06 15:08:00.037,32.57
2016-06-06 15:08:00.739,32.53
2016-06-06 15:14:14.055,32.46
2016-06-06 15:24:00.664,32.41
2016-06-06 15:34:00.711,32.32
2016-06-06 15:01:01.289,32.28
2016-06-06 15:06:07.797,32.26
2016-06-06 15:35:00.450,32.22
2016-06-06 15:02:06.057,32.2
2016-06-06 15:27:00.493,32.2
2016-06-06 15:06:13.824,32.15
2016-06-06 15:01:01.358,32.13
2016-06-06 15:39:00.169,32.12
2016-06-06 15:06:00.035,32.11
2016-06-06 15:22:05.288,32.09
2016-06-06 15:06:07.477,32.05
2016-06-06 15:22:00.822,32.01
2016-06-06 15:38:00.522,32.01
2016-06-06 15:10:00.502,31.98
2016-06-06 15:24:00.704,31.97
2016-06-06 15:22:05.239,31.91
2016-06-06 15:08:43.308,31.87
2016-06-06 15:43:09.763,31.76
2016-06-06 15:20:00.689,31.69
2016-06-06 15:07:00.179,31.68
2016-06-06 15:04:30.937,31.64
2016-06-06 15:32:00.703,31.63
2016-06-06 15:18:00.018,31.58
2016-06-06 15:43:09.626,31.58
2016-06-06 15:13:00.720,31.58
2016-06-06 15:03:00.894,31.55
2016-06-06 15:06:07.226,31.5
2016-06-06 15:11:00.488,31.45
2016-06-06 15:27:26.989,31.42
2016-06-06 15:15:00.806,31.42
2016-06-06 15:26:00.418,31.34
2016-06-06 15:38:00.693,31.32
2016-06-06 15:44:00.183,31.2
2016-06-06 15:33:00.639,31.19
2016-06-06 15:40:00.687,31.08
2016-06-06 15:13:00.031,31.07
2016-06-06 15:23:00.432,31.06
2016-06-06 15:08:00.174,31.01
2016-06-06 15:06:13.530,31.0
2016-06-06 15:24:00.434,31.0
2016-06-06 15:11:00.021,30.97
2016-06-06 15:38:05.262,30.93
2016-06-06 15:27:27.784,30.9
2016-06-06 15:09:00.156,30.88
2016-06-06 15:31:00.875,30.87
2016-06-06 15:27:31.932,30.86
2016-06-06 15:18:11.365,30.86
2016-06-06 15:19:22.021,30.86
2016-06-06 15:20:00.178,30.83
2016-06-06 15:30:11.054,30.82
2016-06-06 15:21:00.030,30.81
2016-06-06 15:21:00.432,30.79
2016-06-06 15:30:12.149,30.76
2016-06-06 15:43:08.995,30.75
2016-06-06 15:29:00.820,30.71
2016-06-06 15:17:00.028,30.67
2016-06-06 15:18:10.120,30.63
2016-06-06 15:18:10.864,30.57
2016-06-06 15:23:00.583,30.57
2016-06-06 15:02:05.642,30.54
2016-06-06 15:06:15.705,30.48
2016-06-06 15:04:31.187,30.41
2016-06-06 15:18:00.417,30.3
2016-06-06 15:31:00.207,30.28
2016-06-06 15:24:00.017,30.25
2016-06-06 15:25:00.022,30.25
2016-06-06 15:10:00.658,30.25
2016-06-06 15:23:00.139,30.24
2016-06-06 15:02:05.564,30.22
2016-06-06 15:14:02.738,30.08
2016-06-06 15:34:00.017,30.07
2016-06-06 15:30:00.389,30.06
2016-06-06 15:35:00.406,30.02
2016-06-06 15:13:00.445,30.02
2016-06-06 15:43:10.038,30.0
2016-06-06 15:30:07.117,29.98
2016-06-06 15:44:00.462,29.92
2016-06-06 15:27:27.641,29.9
2016-06-06 15:10:00.695,29.84
2016-06-06 15:27:28.453,29.78
2016-06-06 15:30:07.550,29.67
2016-06-06 15:30:11.680,29.66
2016-06-06 15:10:00.032,29.58
2016-06-06 15:38:05.506,29.55
2016-06-06 15:21:00.172,29.53
2016-06-06 15:05:00.175,29.52
2016-06-06 15:08:43.582,29.47
2016-06-06 15:32:47.172,29.46
2016-06-06 15:29:01.385,29.44
2016-06-06 15:03:00.070,29.43
2016-06-06 15:27:31.532,29.39
2016-06-06 15:35:24.653,29.38
2016-06-06 15:24:44.535,29.3
2016-06-06 15:15:00.446,29.27
2016-06-06 15:19:22.146,29.25
2016-06-06 15:38:00.729,29.18
2016-06-06 15:22:01.426,29.17
2016-06-06 15:14:02.869,29.13
2016-06-06 15:14:13.843,29.1
2016-06-06 15:00:00.366,29.09
2016-06-06 15:22:01.674,28.99
2016-06-06 15:33:00.676,28.98
2016-06-06 15:09:00.418,28.93
2016-06-06 15:24:00.146,28.93
2016-06-06 15:20:00.727,28.91
2016-06-06 15:08:43.170,28.9
2016-06-06 15:27:27.702,28.88
2016-06-06 15:38:00.475,28.84
2016-06-06 15:01:00.963,28.83
2016-06-06 15:26:00.165,28.79
2016-06-06 15:12:00.449,28.78
2016-06-06 15:14:13.557,28.74
2016-06-06 15:06:00.173,28.72
2016-06-06 15:06:13.084,28.71
2016-06-06 15:27:00.699,28.67
2016-06-06 15:28:00.470,28.66
2016-06-06 15:11:00.685,28.63
2016-06-06 15:23:00.387,28.59
2016-06-06 15:30:10.461,28.53
2016-06-06 15:11:00.444,28.51
2016-06-06 15:10:00.454,28.44
2016-06-06 15:06:15.307,28.34
2016-06-06 15:27:28.034,28.34
2016-06-06 15:30:11.495,28.28
2016-06-06 15:08:00.419,28.25
2016-06-06 15:29:00.150,28.21
2016-06-06 15:30:09.560,28.2
2016-06-06 15:19:00.166,28.19
2016-06-06 15:33:00.149,28.15
2016-06-06 15:29:00.907,28.11
2016-06-06 15:13:00.169,28.06
2016-06-06 15:01:00.019,28.03
2016-06-06 15:03:00.376,27.98
2016-06-06 15:22:00.123,27.89
2016-06-06 15:27:27.250,27.81
2016-06-06 15:23:00.619,27.81
2016-06-06 15:13:00.414,27.78
2016-06-06 15:01:00.909,27.78
2016-06-06 15:31:00.580,27.74
2016-06-06 15:03:00.812,27.7
2016-06-06 15:06:13.220,27.69
2016-06-06 15:38:05.126,27.65
2016-06-06 15:19:00.414,27.54
2016-06-06 15:16:00.105,27.51
2016-06-06 15:24:48.097,27.45
2016-06-06 15:18:11.093,27.4
2016-06-06 15:00:00.035,27.29
2016-06-06 15:35:24.907,27.24
2016-06-06 15:24:48.234,27.23
2016-06-06 15:36:00.396,27.18
2016-06-06 15:37:00.443,27.15
2016-06-06 15:24:44.251,27.14
2016-06-06 15:06:15.437,27.12
2016-06-06 15:17:00.404,27.09
2016-06-06 15:33:00.023,27.06
2016-06-06 15:04:00.143,27.05
2016-06-06 15:27:00.026,27.04
2016-06-06 15:29:00.552,27.03
2016-06-06 15:11:00.193,27.01
2016-06-06 15:40:00.020,26.88
2016-06-06 15:10:00.157,26.86
2016-06-06 15:37:00.179,26.8
2016-06-06 15:27:00.400,26.75
2016-06-06 15:20:00.424,26.74
2016-06-06 15:02:05.221,26.74
2016-06-06 15:28:00.164,26.69
2016-06-06 15:38:00.110,26.62
2016-06-06 15:12:00.099,26.59
2016-06-06 15:00:00.154,26.56
2016-06-06 15:02:05.033,26.56
2016-06-06 15:21:00.119,26.54
2016-06-06 15:23:00.016,26.5
2016-06-06 15:27:24.740,26.45
2016-06-06 15:27:25.087,26.39
2016-06-06 15:40:00.417,26.39
2016-06-06 15:07:00.454,26.37
2016-06-06 15:22:04.953,26.31
2016-06-06 15:32:00.177,26.22
2016-06-06 15:36:00.154,26.14
2016-06-06 15:12:00.417,26.1
2016-06-06 15:17:00.168,26.08
2016-06-06 15:14:03.123,25.98
2016-06-06 15:25:00.415,25.88
2016-06-06 15:18:10.372,25.83
2016-06-06 15:24:44.129,25.8
2016-06-06 15:27:00.150,25.74
2016-06-06 15:27:24.860,25.73
2016-06-06 15:38:00.444,25.7
2016-06-06 15:09:00.387,25.65
2016-06-06 15:19:22.401,25.64
2016-06-06 15:40:00.144,25.59
2016-06-06 15:04:30.853,25.39
2016-06-06 15:35:00.154,25.34
2016-06-06 15:06:13.147,25.3
2016-06-06 15:22:04.835,25.24
2016-06-06 15:04:00.910,25.16
2016-06-06 15:12:00.181,25.13
2016-06-06 15:20:00.101,25.02
2016-06-06 15:34:00.466,24.94
2016-06-06 15:27:31.663,24.88
2016-06-06 15:14:00.168,24.8
2016-06-06 15:10:00.425,24.75
2016-06-06 15:08:43.550,24.73
2016-06-06 15:34:00.104,24.71
2016-06-06 15:24:00.403,24.63
2016-06-06 15:14:00.093,24.56
2016-06-06 15:22:01.109,24.33
2016-06-06 15:16:00.179,24.28
2016-06-06 15:13:00.092,24.21
2016-06-06 15:08:43.229,24.17
2016-06-06 15:32:00.414,24.17
2016-06-06 15:18:00.082,24.15
2016-06-06 15:08:00.102,24.02
2016-06-06 15:43:08.617,24.0
2016-06-06 15:24:48.480,23.96
2016-06-06 15:03:00.222,23.94
2016-06-06 15:32:47.430,23.9
2016-06-06 15:05:00.433,23.82
2016-06-06 15:17:00.093,23.74
2016-06-06 15:14:00.420,23.45
2016-06-06 15:23:00.358,23.44
2016-06-06 15:35:00.377,23.43
2016-06-06 15:15:00.114,23.34
2016-06-06 15:16:00.389,23.33
2016-06-06 15:28:00.440,23.29
2016-06-06 15:33:00.397,23.27
2016-06-06 15:27:31.589,23.24
2016-06-06 15:04:00.208,23.2
2016-06-06 15:14:13.815,23.15
2016-06-06 15:29:00.331,23.11
2016-06-06 15:05:00.100,23.07
2016-06-06 15:03:00.320,23.07
2016-06-06 15:06:07.150,23.03
2016-06-06 15:31:00.273,22.95
2016-06-06 15:27:26.930,22.94
2016-06-06 15:30:11.594,22.9
2016-06-06 15:11:00.413,22.89
2016-06-06 15:43:08.647,22.88
2016-06-06 15:28:00.093,22.83
2016-06-06 15:30:07.038,22.59
2016-06-06 15:39:00.405,22.55
2016-06-06 15:43:09.686,22.54
2016-06-06 15:44:00.093,22.46
2016-06-06 15:32:47.090,22.44
2016-06-06 15:32:00.097,22.18
2016-06-06 15:25:00.106,22.04
2016-06-06 15:19:00.113,21.96
2016-06-06 15:43:09.714,21.96
2016-06-06 15:19:22.076,21.92
2016-06-06 15:04:00.273,21.91
2016-06-06 15:14:02.794,21.76
2016-06-06 15:19:00.087,21.57
2016-06-06 15:32:47.118,21.46
2016-06-06 15:11:00.085,21.43
2016-06-06 15:44:00.124,21.32
2016-06-06 15:26:00.086,21.26
2016-06-06 15:38:05.187,21.25
2016-06-06 15:35:00.082,21.18
2016-06-06 15:04:30.884,20.99
2016-06-06 15:09:00.083,20.97
2016-06-06 15:30:10.133,20.96
2016-06-06 15:36:00.083,20.7
2016-06-06 15:27:31.617,20.69
2016-06-06 15:24:48.196,20.58
2016-06-06 15:06:00.123,20.52
2016-06-06 15:37:00.108,20.46
2016-06-06 15:18:00.111,20.44
2016-06-06 15:39:00.090,20.36
2016-06-06 15:24:00.077,20.34
2016-06-06 15:38:00.137,20.28
2016-06-06 15:07:00.106,20.27
2016-06-06 15:26:00.113,20.16
2016-06-06 15:30:10.710,20.16
2016-06-06 15:27:00.083,20.06
2016-06-06 15:30:07.068,20.05
2016-06-06 15:30:10.024,20.03
2016-06-06 15:20:00.132,20.02
2016-06-06 15:23:00.093,19.92
2016-06-06 15:38:05.214,19.79
2016-06-06 15:06:15.365,19.75
2016-06-06 15:35:00.109,19.67
2016-06-06 15:23:00.069,19.66
2016-06-06 15:19:22.102,19.59
2016-06-06 15:27:26.904,19.53
2016-06-06 15:18:10.074,19.48
2016-06-06 15:24:44.182,19.44
2016-06-06 15:01:00.189,19.4
2016-06-06 15:21:00.094,19.33
2016-06-06 15:01:00.270,19.17
2016-06-06 15:25:00.080,19.15
2016-06-06 15:06:15.391,19.12
2016-06-06 15:34:00.080,19.1
2016-06-06 15:35:24.579,19.07
2016-06-06 15:33:00.077,19.04
2016-06-06 15:31:00.302,18.99
2016-06-06 15:39:00.117,18.84
2016-06-06 15:30:11.569,18.63
2016-06-06 15:10:00.087,18.59
2016-06-06 15:18:10.797,18.58
2016-06-06 15:40:00.075,18.58
2016-06-06 15:14:13.491,18.3
2016-06-06 15:15:00.143,18.27
2016-06-06 15:24:00.103,18.27
2016-06-06 15:33:00.103,18.22
2016-06-06 15:18:10.049,18.18
2016-06-06 15:30:02.014,18.15
2016-06-06 15:27:24.795,18.13
2016-06-06 15:08:43.258,18.13
2016-06-06 15:00:00.093,18.08
2016-06-06 15:36:00.109,18.01
2016-06-06 15:02:05.086,18.0
2016-06-06 15:06:00.098,17.92
2016-06-06 15:02:05.109,17.92
2016-06-06 15:40:00.098,17.92
2016-06-06 15:22:04.890,17.9
2016-06-06 15:07:00.131,17.84
2016-06-06 15:24:48.152,17.66
2016-06-06 15:24:44.207,17.5
2016-06-06 15:29:00.490,17.38
2016-06-06 15:32:00.126,17.21
2016-06-06 15:11:00.114,17.13
2016-06-06 15:06:07.179,17.02
2016-06-06 15:18:10.821,16.79
2016-06-06 15:35:24.604,16.74
2016-06-06 15:06:13.177,16.71
2016-06-06 15:12:00.130,16.4
2016-06-06 15:14:02.823,16.29
2016-06-06 15:13:00.122,16.17
2016-06-06 15:16:00.084,16.11
2016-06-06 15:31:00.252,16.06
2016-06-06 15:24:48.175,16.02
2016-06-06 15:16:00.138,15.89
2016-06-06 15:08:00.131,15.86
2016-06-06 15:27:00.110,15.81
2016-06-06 15:00:00.116,15.6
2016-06-06 15:10:00.112,15.5
2016-06-06 15:05:00.129,15.48
2016-06-06 15:27:26.958,15.43
2016-06-06 15:22:04.913,15.39
2016-06-06 15:27:24.819,15.38
2016-06-06 15:37:00.136,15.37
2016-06-06 15:17:00.122,15.34
2016-06-06 15:09:00.110,15.32
2016-06-06 15:27:27.743,15.32
2016-06-06 15:28:00.121,15.26
2016-06-06 15:14:00.124,15.18
2016-06-06 15:37:00.076,15.14
2016-06-06 15:42:43.010,14.85
2016-06-06 15:14:13.514,14.39
2016-06-06 15:07:00.080,12.21
2016-06-06 15:30:01.619,12.1
2016-06-06 15:06:07.462,11.72
2016-06-06 15:32:00.081,11.68
2016-06-06 15:18:00.261,11.6
2016-06-06 15:13:00.665,11.52
2016-06-06 15:14:00.491,11.47
2016-06-06 15:13:00.142,11.25
2016-06-06 15:39:00.142,11.15
2016-06-06 15:08:00.078,11.05
2016-06-06 15:27:27.325,10.98
2016-06-06 15:17:00.077,10.75
2016-06-06 15:17:00.682,10.73
2016-06-06 15:38:00.082,10.71
2016-06-06 15:32:00.162,10.61
2016-06-06 15:27:26.888,10.61
2016-06-06 15:08:43.800,10.56
2016-06-06 15:18:00.067,10.42
2016-06-06 15:43:08.588,10.35
2016-06-06 15:14:00.272,10.28
2016-06-06 15:29:00.536,10.13
2016-06-06 15:03:01.009,10.12
2016-06-06 15:32:47.074,9.96
2016-06-06 15:17:00.142,9.73
2016-06-06 15:18:11.350,9.72
2016-06-06 15:10:00.132,9.7
2016-06-06 15:04:01.366,9.62
2016-06-06 15:04:30.826,9.58
2016-06-06 15:01:01.043,9.55
2016-06-06 15:00:00.079,9.53
2016-06-06 15:06:15.354,9.47
2016-06-06 15:37:00.429,9.45
2016-06-06 15:22:01.237,9.45
2016-06-06 15:25:00.488,9.33
2016-06-06 15:19:00.251,9.3
2016-06-06 15:07:00.268,9.22
2016-06-06 15:03:00.361,9.22
2016-06-06 15:28:00.152,9.12
2016-06-06 15:30:10.234,9.04
2016-06-06 15:06:13.766,9.0
2016-06-06 15:04:30.911,8.99
2016-06-06 15:32:47.701,8.91
2016-06-06 15:12:00.153,8.86
2016-06-06 15:08:00.404,8.85
2016-06-06 15:08:00.495,8.84
2016-06-06 15:26:00.139,8.81
2016-06-06 15:32:00.149,8.8
2016-06-06 15:30:07.702,8.79
2016-06-06 15:06:15.692,8.74
2016-06-06 15:06:07.212,8.71
2016-06-06 15:24:00.475,8.7
2016-06-06 15:12:00.075,8.69
2016-06-06 15:06:13.121,8.69
2016-06-06 15:38:05.173,8.68
2016-06-06 15:15:00.100,8.66
2016-06-06 15:37:00.271,8.62
2016-06-06 15:34:00.067,8.61
2016-06-06 15:06:15.531,8.58
2016-06-06 15:06:00.416,8.51
2016-06-06 15:07:00.441,8.5
2016-06-06 15:08:43.205,8.48
2016-06-06 15:26:00.249,8.48
2016-06-06 15:07:00.529,8.48
2016-06-06 15:30:12.133,8.46
2016-06-06 15:08:00.683,8.46
2016-06-06 15:43:09.509,8.4
2016-06-06 15:01:00.694,8.38
2016-06-06 15:37:00.523,8.38
2016-06-06 15:14:00.259,8.31
2016-06-06 15:06:00.161,8.3
2016-06-06 15:33:00.248,8.26
2016-06-06 15:14:00.146,8.26
2016-06-06 15:19:22.242,8.26
2016-06-06 15:19:00.062,8.22
2016-06-06 15:24:44.229,8.18
2016-06-06 15:04:00.826,8.18
2016-06-06 15:40:00.234,8.12
2016-06-06 15:44:00.163,8.11
2016-06-06 15:03:00.134,8.09
2016-06-06 15:43:10.026,8.08
2016-06-06 15:30:11.806,8.07
2016-06-06 15:43:08.804,8.03
2016-06-06 15:18:10.842,8.03
2016-06-06 15:24:48.895,8.02
2016-06-06 15:18:10.098,8.02
2016-06-06 15:32:47.160,8.01
2016-06-06 15:38:00.292,8.01
2016-06-06 15:35:24.988,8.01
2016-06-06 15:30:11.654,7.98
2016-06-06 15:08:43.540,7.98
2016-06-06 15:04:00.526,7.95
2016-06-06 15:10:00.242,7.94
2016-06-06 15:16:00.492,7.91
2016-06-06 15:30:09.919,7.88
2016-06-06 15:14:03.377,7.88
2016-06-06 15:06:15.341,7.88
2016-06-06 15:20:00.072,7.88
2016-06-06 15:02:05.153,7.87
2016-06-06 15:14:02.845,7.87
2016-06-06 15:30:07.511,7.87
2016-06-06 15:05:00.150,7.85
2016-06-06 15:13:00.267,7.85
2016-06-06 15:27:28.020,7.85
2016-06-06 15:14:13.643,7.82
2016-06-06 15:24:48.322,7.76
2016-06-06 15:35:24.626,7.75
2016-06-06 15:38:00.164,7.74
2016-06-06 15:24:44.570,7.74
2016-06-06 15:32:47.509,7.67
2016-06-06 15:16:00.663,7.64
2016-06-06 15:25:00.690,7.63
2016-06-06 15:30:07.239,7.61
2016-06-06 15:33:00.055,7.61
2016-06-06 15:06:07.323,7.59
2016-06-06 15:20:00.499,7.58
2016-06-06 15:18:10.953,7.57
2016-06-06 15:24:44.341,7.51
2016-06-06 15:36:00.058,7.5
2016-06-06 15:21:00.149,7.5
2016-06-06 15:08:43.394,7.48
2016-06-06 15:24:44.737,7.48
2016-06-06 15:38:05.241,7.45
2016-06-06 15:15:00.282,7.45
2016-06-06 15:32:47.061,7.44
2016-06-06 15:15:00.179,7.44
2016-06-06 15:22:05.275,7.42
2016-06-06 15:10:00.254,7.39
2016-06-06 15:27:00.231,7.37
2016-06-06 15:20:00.412,7.35
2016-06-06 15:30:07.316,7.33
2016-06-06 15:18:10.774,7.32
2016-06-06 15:27:31.763,7.29
2016-06-06 15:06:13.569,7.27
2016-06-06 15:18:00.688,7.26
2016-06-06 15:30:11.857,7.25
2016-06-06 15:30:10.353,7.25
2016-06-06 15:43:08.983,7.22
2016-06-06 15:43:08.689,7.21
2016-06-06 15:38:00.433,7.2
2016-06-06 15:19:00.154,7.2
2016-06-06 15:15:00.751,7.17
2016-06-06 15:11:00.062,7.14
2016-06-06 15:27:31.752,7.13
2016-06-06 15:19:00.141,7.13
2016-06-06 15:09:00.074,7.13
2016-06-06 15:30:12.240,7.12
2016-06-06 15:14:13.534,7.12
2016-06-06 15:06:07.138,7.11
2016-06-06 15:44:00.151,7.1
2016-06-06 15:44:00.285,7.07
2016-06-06 15:43:10.335,7.07
2016-06-06 15:43:08.677,7.07
2016-06-06 15:23:00.058,7.06
2016-06-06 15:36:00.071,7.03
2016-06-06 15:08:00.262,7.02
2016-06-06 15:39:00.474,7.01
2016-06-06 15:27:31.567,7.0
2016-06-06 15:18:00.148,6.99
2016-06-06 15:27:27.099,6.99
2016-06-06 15:04:31.022,6.98
2016-06-06 15:24:00.055,6.97
2016-06-06 15:27:27.531,6.97
2016-06-06 15:24:00.652,6.96
2016-06-06 15:06:00.260,6.92
2016-06-06 15:30:11.340,6.92
2016-06-06 15:28:00.284,6.91
2016-06-06 15:07:00.167,6.9
2016-06-06 15:29:01.286,6.9
2016-06-06 15:02:05.508,6.89
2016-06-06 15:44:00.750,6.89
2016-06-06 15:14:03.196,6.89
2016-06-06 15:38:00.306,6.89
2016-06-06 15:31:00.328,6.88
2016-06-06 15:43:10.121,6.85
2016-06-06 15:03:00.742,6.83
2016-06-06 15:40:00.247,6.83
2016-06-06 15:27:00.058,6.82
2016-06-06 15:14:02.973,6.8
2016-06-06 15:43:09.860,6.79
2016-06-06 15:35:24.640,6.79
2016-06-06 15:43:09.740,6.78
2016-06-06 15:16:00.071,6.76
2016-06-06 15:06:15.424,6.75
2016-06-06 15:30:11.668,6.74
2016-06-06 15:43:08.818,6.71
2016-06-06 15:08:00.163,6.7
2016-06-06 15:27:27.086,6.69
2016-06-06 15:38:00.510,6.68
2016-06-06 15:24:00.389,6.66
2016-06-06 15:06:13.209,6.66
2016-06-06 15:12:00.406,6.64
2016-06-06 15:39:00.156,6.63
2016-06-06 15:32:00.068,6.63
2016-06-06 15:43:08.603,6.61
2016-06-06 15:27:27.864,6.61
2016-06-06 15:06:00.073,6.59
2016-06-06 15:24:48.222,6.59
2016-06-06 15:04:00.539,6.58
2016-06-06 15:26:00.688,6.56
2016-06-06 15:05:00.077,6.55
2016-06-06 15:34:00.699,6.55
2016-06-06 15:22:01.750,6.53
2016-06-06 15:21:00.267,6.51
2016-06-06 15:22:01.508,6.5
2016-06-06 15:09:00.132,6.49
2016-06-06 15:43:09.085,6.49
2016-06-06 15:31:00.339,6.49
2016-06-06 15:18:10.787,6.48
2016-06-06 15:40:00.134,6.48
2016-06-06 15:27:00.481,6.47
2016-06-06 15:42:41.642,8.23
2016-06-06 15:32:47.148,6.45
2016-06-06 15:44:00.542,6.42
2016-06-06 15:30:08.128,6.41
2016-06-06 15:29:00.641,6.4
2016-06-06 15:27:28.115,6.38
2016-06-06 15:36:00.473,6.37
2016-06-06 15:44:00.450,6.37
2016-06-06 15:29:00.221,6.37
2016-06-06 15:43:09.664,6.36
2016-06-06 15:22:01.663,6.36
2016-06-06 15:44:00.068,6.36
2016-06-06 15:27:27.772,6.33
2016-06-06 15:43:09.752,6.32
2016-06-06 15:35:00.071,6.32
2016-06-06 15:06:15.982,6.31
2016-06-06 15:19:22.655,6.31
2016-06-06 15:01:01.255,6.31
2016-06-06 15:06:07.740,6.28
2016-06-06 15:18:10.205,6.28
2016-06-06 15:12:00.659,6.27
2016-06-06 15:13:00.082,6.26
2016-06-06 15:11:00.284,6.25
2016-06-06 15:17:00.064,6.25
2016-06-06 15:35:00.599,6.25
2016-06-06 15:27:00.072,6.25
2016-06-06 15:27:32.176,6.24
2016-06-06 15:01:00.087,6.23
2016-06-06 15:14:14.044,6.23
2016-06-06 15:22:05.042,6.22
2016-06-06 15:27:26.877,6.22
2016-06-06 15:15:00.436,6.18
2016-06-06 15:07:00.095,6.18
2016-06-06 15:06:07.126,6.18
2016-06-06 15:22:04.933,6.17
2016-06-06 15:06:07.312,6.17
2016-06-06 15:06:00.272,6.16
2016-06-06 15:22:00.701,6.15
2016-06-06 15:44:00.080,6.15
2016-06-06 15:14:00.677,6.14
2016-06-06 15:14:13.467,6.14
2016-06-06 15:28:00.069,6.14
2016-06-06 15:14:02.957,6.14
2016-06-06 15:24:00.235,6.14
2016-06-06 15:14:13.480,6.13
2016-06-06 15:17:00.156,6.12
2016-06-06 15:04:00.316,6.12
2016-06-06 15:43:09.675,6.1
2016-06-06 15:06:07.566,6.1
2016-06-06 15:08:43.294,6.09
2016-06-06 15:16:00.168,6.08
2016-06-06 15:22:05.458,6.08
2016-06-06 15:24:48.470,6.08
2016-06-06 15:33:00.236,6.07
2016-06-06 15:44:00.297,6.07
2016-06-06 15:06:07.201,6.07
2016-06-06 15:14:00.410,6.05
2016-06-06 15:26:00.406,6.05
2016-06-06 15:24:44.353,6.04
2016-06-06 15:32:47.267,6.03
2016-06-06 15:19:00.669,6.02
2016-06-06 15:35:24.557,6.02
2016-06-06 15:04:00.187,6.01
2016-06-06 15:18:00.055,5.99
2016-06-06 15:20:00.158,5.98
2016-06-06 15:09:00.628,5.97
2016-06-06 15:43:09.873,5.97
2016-06-06 15:38:00.682,5.97
2016-06-06 15:25:00.254,5.97
2016-06-06 15:18:00.137,5.96
2016-06-06 15:30:09.742,5.96
2016-06-06 15:22:01.519,5.95
2016-06-06 15:18:10.444,5.92
2016-06-06 15:28:00.504,5.91
2016-06-06 15:12:00.276,5.9
2016-06-06 15:19:22.065,5.89
2016-06-06 15:26:00.060,5.88
2016-06-06 15:18:10.216,5.87
2016-06-06 15:15:00.079,5.87
2016-06-06 15:12:00.485,5.86
2016-06-06 15:05:00.421,5.86
2016-06-06 15:10:00.147,5.86
2016-06-06 15:33:00.628,5.85
2016-06-06 15:18:10.966,5.84
2016-06-06 15:27:24.773,5.84
2016-06-06 15:38:05.582,5.84
2016-06-06 15:04:00.359,5.84
2016-06-06 15:20:00.678,5.83
2016-06-06 15:18:10.637,5.82
2016-06-06 15:08:43.618,5.81
2016-06-06 15:19:00.488,5.81
2016-06-06 15:10:00.412,5.8
2016-06-06 15:00:00.622,5.8
2016-06-06 15:05:00.089,5.79
2016-06-06 15:25:00.265,5.79
2016-06-06 15:16:00.251,5.79
2016-06-06 15:24:44.171,5.78
2016-06-06 15:27:25.169,5.78
2016-06-06 15:35:00.134,5.77
2016-06-06 15:27:25.077,5.77
2016-06-06 15:28:00.696,5.76
2016-06-06 15:07:00.156,5.74
2016-06-06 15:36:00.237,5.73
2016-06-06 15:02:05.348,5.73
2016-06-06 15:19:00.404,5.73
2016-06-06 15:32:00.653,5.71
2016-06-06 15:03:01.570,5.71
2016-06-06 15:27:31.921,5.71
2016-06-06 15:15:00.169,5.7
2016-06-06 15:19:22.055,5.7
2016-06-06 15:17:00.250,5.7
2016-06-06 15:37:00.718,5.69
2016-06-06 15:05:00.261,5.69
2016-06-06 15:38:05.363,5.68
2016-06-06 15:27:00.646,5.68
2016-06-06 15:27:31.643,5.68
2016-06-06 15:30:11.150,5.67
2016-06-06 15:10:00.067,5.67
2016-06-06 15:00:00.444,5.66
2016-06-06 15:34:00.258,5.66
2016-06-06 15:05:00.502,5.65
2016-06-06 15:06:00.702,5.65
2016-06-06 15:26:00.154,5.65
2016-06-06 15:03:00.350,5.65
2016-06-06 15:04:31.175,5.64
2016-06-06 15:27:24.947,5.64
2016-06-06 15:30:10.786,5.64
2016-06-06 15:19:22.390,5.63
2016-06-06 15:22:05.190,5.63
2016-06-06 15:06:00.151,5.62
2016-06-06 15:34:00.053,5.62
2016-06-06 15:12:00.167,5.62
2016-06-06 15:13:00.254,5.61
2016-06-06 15:39:00.668,5.61
2016-06-06 15:14:13.878,5.61
2016-06-06 15:07:00.282,5.6
2016-06-06 15:39:00.068,5.6
2016-06-06 15:28:00.430,5.58
2016-06-06 15:20:00.273,5.57
2016-06-06 15:03:00.497,5.57
2016-06-06 15:35:00.059,5.56
2016-06-06 15:30:11.011,5.56
2016-06-06 15:30:11.546,5.56
2016-06-06 15:40:00.490,5.56
2016-06-06 15:06:15.520,5.55
2016-06-06 15:40:00.065,5.55
2016-06-06 15:27:25.601,5.54
2016-06-06 15:18:10.029,5.54
2016-06-06 15:40:00.054,5.53
2016-06-06 15:33:00.139,5.53
2016-06-06 15:19:22.255,5.53
2016-06-06 15:36:00.144,5.53
2016-06-06 15:38:05.782,5.52
2016-06-06 15:34:00.134,5.52
2016-06-06 15:27:00.390,5.51
2016-06-06 15:27:24.841,5.51
2016-06-06 15:06:13.476,5.51
2016-06-06 15:15:00.294,5.5
2016-06-06 15:32:00.260,5.5
2016-06-06 15:04:31.459,5.5
2016-06-06 15:08:43.281,5.49
2016-06-06 15:10:00.648,5.49
2016-06-06 15:09:00.377,5.48
2016-06-06 15:38:05.352,5.48
2016-06-06 15:06:13.199,5.48
2016-06-06 15:02:06.017,5.48
2016-06-06 15:34:00.538,5.47
2016-06-06 15:37:00.285,5.47
2016-06-06 15:22:05.053,5.47
2016-06-06 15:22:04.944,5.46
2016-06-06 15:25:00.059,5.46
2016-06-06 15:35:24.745,5.45
2016-06-06 15:30:12.723,5.45
2016-06-06 15:32:00.271,5.45
2016-06-06 15:11:00.274,5.44
2016-06-06 15:22:00.765,5.43
2016-06-06 15:09:00.233,5.42
2016-06-06 15:21:00.419,5.41
2016-06-06 15:38:05.161,5.41
2016-06-06 15:30:07.094,5.39
2016-06-06 15:25:00.069,5.39
2016-06-06 15:20:00.169,5.39
2016-06-06 15:34:00.456,5.39
2016-06-06 15:32:00.404,5.38
2016-06-06 15:14:13.805,5.38
2016-06-06 15:40:00.124,5.37
2016-06-06 15:02:05.713,5.37
2016-06-06 15:13:00.069,5.36
2016-06-06 15:17:00.479,5.36
2016-06-06 15:21:00.067,5.36
2016-06-06 15:06:15.414,5.35
2016-06-06 15:20:00.089,5.35
2016-06-06 15:19:00.075,5.34
2016-06-06 15:12:00.266,5.33
2016-06-06 15:29:00.654,5.32
2016-06-06 15:02:05.359,5.32
2016-06-06 15:04:30.840,5.32
2016-06-06 15:28:00.082,5.31
2016-06-06 15:07:00.751,5.3
2016-06-06 15:24:00.246,5.3
2016-06-06 15:35:24.895,5.29
2016-06-06 15:06:15.785,5.29
2016-06-06 15:22:01.374,5.29
2016-06-06 15:06:13.307,5.29
2016-06-06 15:25:00.144,5.28
2016-06-06 15:24:00.127,5.27
2016-06-06 15:26:00.502,5.26
2016-06-06 15:04:31.034,5.26
2016-06-06 15:37:00.097,5.26
2016-06-06 15:29:00.984,5.25
2016-06-06 15:18:00.407,5.24
2016-06-06 15:14:00.073,5.24
2016-06-06 15:27:27.239,5.24
2016-06-06 15:38:05.495,5.24
2016-06-06 15:40:00.678,5.24
2016-06-06 15:33:00.387,5.24
2016-06-06 15:27:28.396,5.24
2016-06-06 15:36:00.387,5.24
2016-06-06 15:14:03.113,5.23
2016-06-06 15:32:47.420,5.22
2016-06-06 15:29:00.280,5.22
2016-06-06 15:11:00.074,5.22
2016-06-06 15:03:00.178,5.22
2016-06-06 15:25:00.405,5.21
2016-06-06 15:27:24.936,5.21
2016-06-06 15:24:00.137,5.21
2016-06-06 15:36:00.132,5.21
2016-06-06 15:29:00.517,5.2
2016-06-06 15:25:00.133,5.2
2016-06-06 15:15:00.538,5.2
2016-06-06 15:26:00.074,5.2
2016-06-06 15:00:00.356,5.19
2016-06-06 15:27:27.676,5.18
2016-06-06 15:22:04.880,5.18
2016-06-06 15:23:00.348,5.18
2016-06-06 15:22:01.916,5.17
2016-06-06 15:36:00.660,5.17
2016-06-06 15:28:00.142,5.17
2016-06-06 15:09:00.146,5.17
2016-06-06 15:04:31.266,5.16
2016-06-06 15:01:00.139,5.16
2016-06-06 15:01:00.305,5.16
2016-06-06 15:21:00.279,5.15
2016-06-06 15:16:00.380,5.14
2016-06-06 15:06:00.512,5.13
2016-06-06 15:35:00.230,5.13
2016-06-06 15:18:10.361,5.12
2016-06-06 15:20:00.284,5.12
2016-06-06 15:21:00.689,5.12
2016-06-06 15:18:10.039,5.12
2016-06-06 15:05:00.686,5.11
2016-06-06 15:11:00.632,5.11
2016-06-06 15:04:01.025,5.1
2016-06-06 15:39:00.080,5.1
2016-06-06 15:01:00.899,5.09
2016-06-06 15:23:00.216,5.09
2016-06-06 15:04:30.927,5.08
2016-06-06 15:19:00.265,5.08
2016-06-06 15:40:00.407,5.08
2016-06-06 15:01:00.737,5.08
2016-06-06 15:13:00.482,5.08
2016-06-06 15:27:27.692,5.07
2016-06-06 15:35:25.187,5.07
2016-06-06 15:00:00.229,5.06
2016-06-06 15:18:00.501,5.06
2016-06-06 15:32:47.279,5.04
2016-06-06 15:27:00.244,5.04
2016-06-06 15:35:00.367,5.03
2016-06-06 15:33:00.067,5.02
2016-06-06 15:02:05.076,5.01
2016-06-06 15:31:00.826,5.0
2016-06-06 15:24:48.131,4.99
2016-06-06 15:26:00.262,4.99
2016-06-06 15:06:13.135,4.98
2016-06-06 15:02:05.209,4.98
2016-06-06 15:00:00.239,4.98
2016-06-06 15:13:00.404,4.97
2016-06-06 15:21:00.507,4.97
2016-06-06 15:01:00.350,4.97
2016-06-06 15:04:00.198,4.97
2016-06-06 15:08:43.406,4.97
2016-06-06 15:27:32.008,4.96
2016-06-06 15:23:00.573,4.96
2016-06-06 15:31:00.656,4.95
2016-06-06 15:35:24.756,4.95
2016-06-06 15:35:24.570,4.95
2016-06-06 15:39:00.254,4.93
2016-06-06 15:17:00.263,4.92
2016-06-06 15:19:22.136,4.9
2016-06-06 15:38:00.099,4.9
2016-06-06 15:33:00.464,4.9
2016-06-06 15:23:00.048,4.89
2016-06-06 15:39:00.395,4.89
2016-06-06 15:09:00.245,4.89
2016-06-06 15:23:00.119,4.89
2016-06-06 15:35:00.441,4.88
2016-06-06 15:00:00.069,4.87
2016-06-06 15:24:00.067,4.87
2016-06-06 15:27:00.140,4.87
2016-06-06 15:18:11.168,4.86
2016-06-06 15:24:48.335,4.85
2016-06-06 15:03:00.509,4.84
2016-06-06 15:32:00.483,4.84
2016-06-06 15:36:00.249,4.81
2016-06-06 15:18:10.111,4.81
2016-06-06 15:09:00.452,4.8
2016-06-06 15:16:00.261,4.8
2016-06-06 15:27:31.579,4.79
2016-06-06 15:27:26.979,4.79
2016-06-06 15:27:27.762,4.78
2016-06-06 15:34:00.146,4.78
2016-06-06 15:23:00.421,4.77
2016-06-06 15:27:24.851,4.76
2016-06-06 15:24:48.555,4.75
2016-06-06 15:30:11.558,4.74
2016-06-06 15:31:00.433,4.73
2016-06-06 15:21:00.077,4.73
2016-06-06 15:27:31.654,4.73
2016-06-06 15:19:22.473,4.72
2016-06-06 15:35:00.241,4.72
2016-06-06 15:24:44.487,4.72
2016-06-06 15:29:00.810,4.7
2016-06-06 15:11:00.184,4.7
2016-06-06 15:27:24.785,4.69
2016-06-06 15:31:00.243,4.68
2016-06-06 15:38:00.176,4.67
2016-06-06 15:27:00.131,4.66
2016-06-06 15:37:00.168,4.66
2016-06-06 15:02:05.065,4.65
2016-06-06 15:08:00.153,4.65
2016-06-06 15:12:00.089,4.64
2016-06-06 15:22:04.865,4.64
2016-06-06 15:28:00.296,4.64
2016-06-06 15:09:00.064,4.63
2016-06-06 15:11:00.478,4.62
2016-06-06 15:08:43.218,4.62
2016-06-06 15:38:05.252,4.62
2016-06-06 15:18:00.282,4.62
2016-06-06 15:30:07.105,4.62
2016-06-06 15:24:44.242,4.61
2016-06-06 15:00:00.136,4.61
2016-06-06 15:37:00.157,4.61
2016-06-06 15:11:00.403,4.6
2016-06-06 15:21:00.163,4.6
2016-06-06 15:33:00.128,4.6
2016-06-06 15:00:00.145,4.59
2016-06-06 15:27:27.876,4.59
2016-06-06 15:34:00.269,4.58
2016-06-06 15:17:00.394,4.58
2016-06-06 15:19:22.127,4.57
2016-06-06 15:14:13.547,4.56
2016-06-06 15:18:11.084,4.55
2016-06-06 15:14:02.775,4.55
2016-06-06 15:10:00.490,4.53
2016-06-06 15:13:00.159,4.52
2016-06-06 15:24:44.161,4.51
2016-06-06 15:16:00.159,4.51
2016-06-06 15:14:02.858,4.49
2016-06-06 15:31:00.571,4.47
2016-06-06 15:35:00.144,4.46
2016-06-06 15:14:00.159,4.44
2016-06-06 15:06:13.317,4.42
2016-06-06 15:08:00.093,4.42
2016-06-06 15:14:00.084,4.41
2016-06-06 15:18:10.855,4.39
2016-06-06 15:08:00.275,4.36
2016-06-06 15:14:13.656,4.36
2016-06-06 15:06:00.088,4.35
2016-06-06 15:14:02.785,4.32
2016-06-06 15:24:48.142,4.32
2016-06-06 15:23:00.129,4.32
2016-06-06 15:10:00.077,4.27
2016-06-06 15:23:00.225,4.26
2016-06-06 15:31:00.443,4.23
2016-06-06 15:05:00.274,4.23
2016-06-06 15:05:00.165,4.2
2016-06-06 15:39:00.264,4.2
2016-06-06 15:43:16.098,1.83
2016-06-06 15:02:15.117,3.99
2016-06-06 15:43:01.352,1.38
2016-06-06 15:43:51.119,2.17
2016-06-06 15:44:51.171,1.8
2016-06-06 15:25:15.063,1.33
2016-06-06 15:29:15.089,1.61
2016-06-06 15:15:15.225,1.47
2016-06-06 15:10:15.177,1.21
2016-06-06 15:28:15.009,1.89
2016-06-06 15:39:15.092,3.49
2016-06-06 15:17:15.034,2.36
2016-06-06 15:22:15.073,3.47
2016-06-06 15:03:15.170,2.37
2016-06-06 15:34:15.139,1.52
2016-06-06 15:11:15.002,2.25
2016-06-06 15:06:15.109,1.33
2016-06-06 15:05:15.016,1.31
2016-06-06 15:13:15.129,1.39
2016-06-06 15:26:15.077,1.44
2016-06-06 15:32:15.040,1.42
2016-06-06 15:30:15.131,1.63
2016-06-06 15:35:16.351,1.46
2016-06-06 15:44:52.257,0.84
2016-06-06 15:23:15.038,1.31
2016-06-06 15:31:15.119,1.45
2016-06-06 15:19:15.100,3.42
2016-06-06 15:20:16.063,2.31
2016-06-06 15:09:15.085,2.24
2016-06-06 15:01:15.314,1.24
2016-06-06 15:18:20.133,2.31
2016-06-06 15:00:15.063,1.19
2016-06-06 15:36:15.228,1.34
2016-06-06 15:14:15.080,1.24
2016-06-06 15:07:15.147,1.35
2016-06-06 15:16:15.244,1.29
2016-06-06 15:21:15.482,3.22
2016-06-06 15:24:15.164,1.22
2016-06-06 15:08:15.007,1.2
2016-06-06 15:04:15.065,1.24
2016-06-06 15:38:15.167,1.23
2016-06-06 15:27:15.176,1.28
2016-06-06 15:12:15.003,1.19
2016-06-06 15:33:15.474,1.31
2016-06-06 15:37:15.219,1.47
2016-06-06 15:04:15.908,0.42
2016-06-06 15:28:06.277,0.37
2016-06-06 15:26:13.091,0.23
2016-06-06 15:18:21.052,0.23
2016-06-06 15:30:03.390,0.19
2016-06-06 15:18:49.303,0.19
2016-06-06 15:28:03.071,0.19
2016-06-06 15:03:25.183,0.19
2016-06-06 15:00:22.095,0.18
2016-06-06 15:23:36.266,0.18
2016-06-06 15:19:45.152,0.18
2016-06-06 15:21:16.549,0.18
